number_of_rooms;square_meters;place_type;street;zip_city;char.1;char.2;char.3;rent;p/squarem/y
5.5 rooms ; 282 m² ; Duplex;Multergasse 14; 9000 St. Gallen;Spectacular city views;Bright with large windows;Spacious open living area;CHF 4,400.-;CHF 187 / m² / year
2.5 rooms ; 59 m² ; Apartment;Haldenstrasse 17; 9000 St. Gallen;Bright with large windows;Low-maintenance laminate floors;Green surroundings nearby shops;CHF 1,350.-;CHF 275 / m² / year
2.5 rooms ; 66 m² ; Apartment;Falkensteinstrasse 15; 9000 St. Gallen;Central location;Lockable cellar compartment;New furniture available;CHF 1,620.-;CHF 295 / m² / year
1 room ; 20 m² ; Apartment;Rorschacher Strasse 50a; 9000 St. Gallen;Modern kitchen appliances;Spacious windows for light;Central location with lift;CHF 810.-;CHF 486 / m² / year
1 room ; 19 m² ; Apartment;Müller-Friedberg-Strasse 14; 9000 St. Gallen;Historic Jugendstil charm;Spacious garden seating;5 min to train station;CHF 1,065.-;CHF 673 / m² / year
4.5 rooms ;; Apartment;Iddastrasse 40; 9008 St. Gallen;Bright, airy living spaces;Direct access to balcony;Two modern bathrooms;CHF 1,500.-;—
2.5 rooms ; 70 m² ; Apartment;Gallusstrasse 41; 9000 St. Gallen;Modern and charming;Quiet neighborhood;Large window;CHF 1,489.-;CHF 255 / m² / year
1.5 rooms ;; Apartment;Riethüslistrasse 6; 9012 St. Gallen;Renovated kitchen amenities;Convenient transport access;Cozy balcony for relaxation;CHF 920.-;—
1 room ; 32 m² ; Apartment;Schönaustrasse 73; 9000 St. Gallen;Bright bathroom with daylight;Convenient lift access;Storage space available;CHF 790.-;CHF 296 / m² / year
2.5 rooms ; 64 m² ; Apartment;Bürglistrasse 4; 9000 St. Gallen;Charming living room;Spacious kitchen amenities;Sunny balcony retreat;CHF 1,660.-;CHF 311 / m² / year
3 rooms ;; Apartment;Guisanstrasse 68; 9010 St. Gallen;Sunny balcony for relaxation;Bathroom with window;Close to St. Gallen Uni;CHF 1,330.-;—
1 room ;; Apartment;Redingstrasse 8; 9000 St. Gallen;Spacious hallway storage;Bright room with kitchen;Balcony with city view;CHF 790.-;—
2 rooms ; 38 m² ; Apartment;Rickenstrasse 20; 9014 St. Gallen;Spacious living area;Modern kitchen appliances;Close to public transport;CHF 1,200.-;CHF 379 / m² / year
2 rooms ;; Studio;Rosenbergstrasse; 9000 St. Gallen;All utilities included;Private kitchen and bath;5 min walk to city center;CHF 900.-;—
2.5 rooms ; 60 m² ; Furnished apartment;Webergasse 23; 9000 St. Gallen;Fully furnished & stylish;All-inclusive amenities;Bi-weekly cleaning service;CHF 1,850.-;CHF 370 / m² / year
2.5 rooms ; 60 m² ; Furnished apartment;Wildeggstrasse 16; 9000 St. Gallen;All-inclusive living;Stylish furnished spaces;Regular cleaning service;CHF 1,950.-;CHF 390 / m² / year
3.5 rooms ; 80 m² ; Furnished apartment;Wildeggstrasse 16; 9000 St. Gallen;All-inclusive utilities;Bi-weekly cleaning service;Cozy balcony with seating;CHF 1,950.-;CHF 293 / m² / year
1.5 rooms ; 36 m² ; Furnished apartment;Webergasse 23; 9000 St. Gallen;All-inclusive utilities;Weekly cleaning service;Central location in old town;CHF 1,650.-;CHF 550 / m² / year
2.5 rooms ; 49 m² ; Apartment;Brühlgasse; 9000 St. Gallen;Cozy balcony with courtyard view;Modern kitchen with appliances;Charming fireplace in living room;CHF 1,320.-;CHF 323 / m² / year
1.5 rooms ; 40 m² ; Furnished apartment;Wildeggstrasse 16; 9000 St. Gallen;Cozy double bed included;Bi-weekly cleaning service;Free parking available;CHF 1,650.-;CHF 495 / m² / year
1.5 rooms ; 25 m² ; Furnished apartment;Multergasse 20; 9000 St. Gallen;All-inclusive living;High-speed internet;Regular cleaning service;CHF 1,650.-;CHF 792 / m² / year
3.5 rooms ; 73 m² ; Apartment;Helvetiastrasse 41; 9000 St. Gallen;Renovated interiors;Modern kitchen;Stunning views;CHF 1,420.-;CHF 233 / m² / year
3 rooms ; 78 m² ; Apartment;Wassergasse 22; 9000 St. Gallen;Bright, airy rooms;Spacious sunny terrace;Modern open kitchen;CHF 1,800.-;CHF 277 / m² / year
2.5 rooms ; 51 m² ; Apartment;Langgasse; 9008 St. Gallen;Sustainable living design;Spacious private balcony;Inviting green rooftop terrace;CHF 1,660.-;CHF 391 / m² / year
1.5 rooms ; 30 m² ; Apartment;Langgasse; 9008 St. Gallen;High-quality finishes;Spacious private balcony;Sustainable living design;CHF 1,100.-;CHF 440 / m² / year
3 rooms ; 65 m² ; Apartment;Landhausstrasse 16; 9000 St. Gallen;Spacious living area;Pet-friendly environment;Quiet central location;CHF 1,490.-;CHF 275 / m² / year
3.5 rooms ;; Apartment;Kolumbanstrasse 66; 9008 St. Gallen;Open living/dining area;High-quality oak flooring;Central location with amenities;CHF 1,740.-;—
4.5 rooms ;; Apartment;Spyristrasse 9; 9008 St. Gallen;Sunny location with high light;Quiet area for relaxation;Family-friendly environment;CHF 1,490.-;—
4 rooms ; 82 m² ; Apartment;Waldaustrasse 9; 9000 St. Gallen;Spacious dining kitchen;Parquet flooring throughout;Quiet yet central location;CHF 1,400.-;CHF 205 / m² / year
2.5 rooms ; 51 m² ; Apartment;Langgasse; 9008 St. Gallen;High-quality finishes;Spacious private balcony;Sustainable living design;CHF 1,630.-;CHF 384 / m² / year
2.5 rooms ; 45 m² ; Apartment;Langgasse; 9008 St. Gallen;High-quality finishes;Spacious private balcony;Sustainable living design;CHF 1,470.-;CHF 392 / m² / year
3.5 rooms ; 78 m² ; Apartment;Langgasse; 9008 St. Gallen;High-quality finishes;Spacious private balcony;Sustainable building design;CHF 2,390.-;CHF 368 / m² / year
3.5 rooms ; 75 m² ; Apartment;Sankt Georgenstrasse 84; 9000 St. Gallen;Idyllic balcony & terrace;Modern kitchen with fridge;Parkett floors in living areas;CHF 1,590.-;CHF 256 / m² / year
3.5 rooms ; 80 m² ; Attic flat;Hagenbuchstrasse 7; 9000 St. Gallen;Bright attic living space;Modern kitchen amenities;Convenient public transport;CHF 1,400.-;CHF 210 / m² / year
3.5 rooms ; 133 m² ; Apartment;Spisergasse; 9000 St. Gallen;Stunning city views;Modern kitchen amenities;Spacious terrace access;CHF 2,280.-;CHF 206 / m² / year
4.5 rooms ; 90 m² ; Apartment;Langgasse 87; 9008 St. Gallen;Spacious kitchen with appliances;Ideal for students nearby;Excellent transport connections;CHF 1,580.-;CHF 211 / m² / year
4.5 rooms ; 80 m² ; Apartment;Fidesstrasse 12; 9000 St. Gallen;Bright Jugendstil design;Freshly painted interiors;Scenic balcony views;CHF 1,625.-;CHF 244 / m² / year
3.5 rooms ; 109 m² ; Apartment;Rehetobelstrasse 47; 9000 St. Gallen;Bright south-facing rooms;Spacious kitchen amenities;Excellent public transport access;CHF 1,550.-;CHF 171 / m² / year
1.5 rooms ; 43 m² ; Apartment;Langgasse 78; 9008 St. Gallen;Spacious 14m² balcony;Fully renovated in 2013;Original parquet flooring;CHF 1,190.-;CHF 332 / m² / year
3.5 rooms ; 65 m² ; Apartment;Rorschacher Strasse 233; 9016 St. Gallen;Modern kitchen with pass-through;Stylish laminate flooring;Optional parking available;CHF 1,320.-;CHF 244 / m² / year
2.5 rooms ; 53 m² ; Apartment;Langgasse 56; 9008 St. Gallen;Spacious entrance hall;Bright rooms with laminate;Modern kitchen with granite;CHF 1,180.-;CHF 267 / m² / year
2.5 rooms ; 50 m² ; Furnished apartment;Böcklinstrasse 3; 9000 St. Gallen;Modern furnished with USM;Spacious balcony for relaxation;High-speed WiFi included;CHF 1,850.-;CHF 444 / m² / year
3 rooms ; 67 m² ; Apartment;Rorschacher Strasse 231; 9016 St. Gallen;Modern kitchen design;Convenient public transport;Parking available for rent;CHF 1,320.-;CHF 236 / m² / year
3.5 rooms ; 75 m² ; Apartment;Wassergasse 47; 9000 St. Gallen;Spacious terrace access;Modern kitchen amenities;Bright living area;CHF 2,300.-;CHF 368 / m² / year
3.5 rooms ; 86 m² ; Apartment;Solitüdenstrasse 1; 9012 St. Gallen;Above the fog line;Modern open kitchen;Large balcony with views;CHF 1,610.-;CHF 225 / m² / year
2 rooms ; 30 m² ; Apartment;Unterstrasse 59; 9000 St. Gallen;Plug and Play setup;Quiet street, 8 min to HB;Ideal for students, projects;CHF 1,650.-;CHF 660 / m² / year
5.5 rooms ; 117 m² ; Apartment;Heinestrasse 14; 9008 St. Gallen;Bright spacious rooms;Three sunny balconies;Modern kitchen with balcony;CHF 2,190.-;CHF 225 / m² / year
2.5 rooms ; 59 m² ; Apartment;Kirchlistrasse 46; 9010 St. Gallen;Stunning city and mountain views;Modern kitchen, newly renovated;Energy-efficient heating system;CHF 1,930.-;CHF 393 / m² / year
3.5 rooms ; 85 m² ; Apartment;Kublystrasse 7; 9016 St. Gallen;Spacious balcony;Modern kitchen;Great location;CHF 1,670.-;CHF 236 / m² / year
3.5 rooms ; 80 m² ; Apartment;Sonnmattstrasse 12; 9015 St. Gallen;Surrounded by green spaces;Ideal for families;Excellent public transport;CHF 1,360.-;CHF 204 / m² / year
3.5 rooms ;; Apartment;;9014 St. Gallen;Stunning city views;Close to public transport;Sunny all day long;CHF 1,470.-;—
2.5 rooms ; 50 m² ; Apartment;Linsebühlstrasse 64; 9000 St. Gallen;Spacious balcony;Urban garden;Modern kitchen;CHF 1,640.-;CHF 394 / m² / year
2 rooms ; 13 m² ; Studio;Rosenbergstrasse 55; 9000 St. Gallen;Fully furnished;Private kitchen & bathroom;Easy city center access;CHF 770.-;CHF 711 / m² / year
4 rooms ; 90 m² ; Attic flat;Badstrasse 14; 9000 St. Gallen;Living room fireplace;Modern kitchen;Shared garden;CHF 1,470.-;CHF 196 / m² / year
3.5 rooms ; 67 m² ; Apartment;Kolumbanstrasse 47; 9008 St. Gallen;Stylish parquet flooring;Rain shower in bathroom;Two private balconies;CHF 1,630.-;CHF 292 / m² / year
2.5 rooms ; 46 m² ; Apartment;Kolumbanstrasse 47; 9008 St. Gallen;Quiet city quarter;Modern fitted kitchen;South-facing balcony;CHF 1,360.-;CHF 355 / m² / year
2.5 rooms ; 52 m² ; Apartment;Kolumbanstrasse 47; 9008 St. Gallen;Renovated building;Two balconies;Modern kitchen;CHF 1,390.-;CHF 321 / m² / year
1.5 rooms ; 32 m² ; Penthouse;Kolumbanstrasse 47; 9008 St. Gallen;Newly renovated apartment;Quiet city neighborhood;Modern kitchen & bathroom;CHF 1,000.-;CHF 375 / m² / year
1.5 rooms ; 30 m² ; Apartment;Bruggwaldpark 14; 9008 St. Gallen;Private garden seating;Near public transport;Park-like garden access;CHF 1,180.-;CHF 472 / m² / year
3.5 rooms ; 103 m² ; Apartment;Rorschacher Strasse 126; 9000 St. Gallen;15 min from city center;Large roof terrace;Parking available;CHF 1,870.-;CHF 218 / m² / year
2.5 rooms ; 70 m² ; Apartment;;9000 St. Gallen;Large living/bedroom with view;Separate kitchen & spacious bath;Furnished (take-over possible);CHF 1,350.-;CHF 231 / m² / year
3.5 rooms ; 75 m² ; Apartment;Waldaustrasse 2; 9000 St. Gallen;Granite and parquet floors;Open kitchen with DW;Bathroom with daylight;CHF 1,390.-;CHF 222 / m² / year
3.5 rooms ; 110 m² ; Apartment;Speicherstrasse 31; 9000 St. Gallen;Central, lively location;Modern fitted kitchen;Parquet floors in bedrooms;CHF 1,750.-;CHF 191 / m² / year
4 rooms ; 85 m² ; Apartment;Tannenstrasse 3; 9000 St. Gallen;Near university;Quiet neighborhood;Convenient public transport;CHF 1,675.-;CHF 236 / m² / year
2.5 rooms ; 97 m² ; Apartment;Spisergasse 10; 9000 St. Gallen;Stylish interior design;Lift access available;Prime city center location;CHF 2,880.-;CHF 356 / m² / year
3.5 rooms ; 94 m² ; Apartment;Spisergasse 10; 9000 St. Gallen;Exquisite renovation details;Lift access for convenience;Vibrant city center location;CHF 2,980.-;CHF 380 / m² / year
2.5 rooms ;; Apartment;Kugelgasse 6; 9000 St. Gallen;City center location;Modern kitchen appliances;Renovated in 2021;CHF 1,350.-;—
4 rooms ; 80 m² ; Apartment;Hagenbuchstrasse 7; 9000 St. Gallen;Spacious cozy rooms;Bathroom with window;Close to shops and schools;CHF 1,490.-;CHF 224 / m² / year
3.5 rooms ;; Duplex;Helvetiastrasse 52; 9000 St. Gallen;Renovated kitchen & bathroom;Shared garden access;Near station & hospital;CHF 1,420.-;—
3.5 rooms ; 106 m² ; Duplex;Löwengasse 4; 9000 St. Gallen;Terrace;Open kitchen;Shared laundry;CHF 1,990.-;CHF 225 / m² / year
4 rooms ;; Apartment;Tigerbergstrasse 17; 9000 St. Gallen;Fantastic terrace view;Prime Rosenberg location;Modern kitchen;CHF 2,370.-;—
4.5 rooms ; 107 m² ; Apartment;Wolfgangstrasse 8; 9014 St. Gallen;Large balcony;Huge living room;New kitchen & bathroom;CHF 2,030.-;CHF 228 / m² / year
4.5 rooms ; 150 m² ; Apartment;Martinsbruggstrasse 59; 9016 St. Gallen;Modern kitchen & bathroom;Spacious loft with fireplace;Garden patio & cellar;CHF 2,190.-;CHF 175 / m² / year
2.5 rooms ; 52 m² ; Apartment;Kapellenstrasse 3; 9000 St. Gallen;Private balcony;Kitchen with window;Near city center;CHF 1,060.-;CHF 245 / m² / year
4.5 rooms ; 96 m² ; Duplex;Hinterlauben 13; 9000 St. Gallen;Central location near train station;Open plan living/dining area;Balcony and shared laundry;CHF 1,990.-;CHF 249 / m² / year
4.5 rooms ; 114 m² ; Apartment;Boppartshofweg 12; 9014 St. Gallen;Large balcony;Great location;Easy access;CHF 2,100.-;CHF 221 / m² / year
3.5 rooms ; 66 m² ; Apartment;Sankt Georgenstrasse 159a; 9011 St. Gallen;High-quality kitchen;Loggia with light and power outlet;Near public transport;CHF 1,650.-;CHF 300 / m² / year
3.5 rooms ; 101 m² ; Apartment;Peter-Und-Paul-Strasse 10; 9010 St. Gallen;Spacious 21 m² balcony;High-end kitchen appliances;Elegant oak parquet flooring;CHF 2,710.-;CHF 322 / m² / year
3.5 rooms ; 101 m² ; Apartment;Zweibruggenmühlestrasse 17; 9014 St. Gallen;Bright and spacious;Modern fitted kitchen;Sunny balcony;CHF 1,940.-;CHF 230 / m² / year
1 room ; 20 m² ; Apartment;Oberstrasse 149; 9000 St. Gallen;Central location in St. Gallen;Shared kitchen and bathroom;Optional services available;CHF 950.-;CHF 570 / m² / year
1 room ; 36 m² ; Apartment;Brauerstrasse 23; 9000 St. Gallen;Modern kitchen & bathroom;7m² balcony;Smart-home & fiber optic;CHF 1,120.-;CHF 373 / m² / year
4.5 rooms ; 113 m² ; Apartment;Burgstrasse 51; 9000 St. Gallen;Spacious 113m2 apartment;Large balcony (10.5m2);Modern kitchen & 2 bathrooms;CHF 2,350.-;CHF 250 / m² / year
3.5 rooms ; 88 m² ; Apartment;Engelgasse 8; 9000 St. Gallen;Top St. Gallen location;2 balconies;In-building laundry;CHF 1,599.-;CHF 218 / m² / year
2.5 rooms ;; Apartment;Flurhofstrasse 43; 9000 St. Gallen;Spacious living area;Covered loggia;Smart features;CHF 1,690.-;—
2.5 rooms ; 100 m² ; Apartment;Vonwilstrasse 51; 9000 St. Gallen;Spacious open layout;Modern kitchen design;Panoramic city views;CHF 1,828.-;CHF 219 / m² / year
3 rooms ; 85 m² ; Apartment;;9000 St. Gallen;Sunny balcony with views;Historic tiled stove;Shared rooftop terrace;CHF 1,320.-;CHF 186 / m² / year
2.5 rooms ; 52 m² ; Apartment;Schorenstrasse 15; 9000 St. Gallen;Bright living area;Modern kitchen design;Close to public transport;CHF 1,270.-;CHF 293 / m² / year
4 rooms ; 80 m² ; Apartment;Sankt Georgenstrasse 100b; 9011 St. Gallen;Beautiful green view;Modern fitted kitchen;Central and quiet location;CHF 1,590.-;CHF 239 / m² / year
1.5 rooms ;; Apartment;Riethüslistrasse 6; 9012 St. Gallen;Open living and dining area;Modern kitchen with appliances;Sunny and quiet location;CHF 920.-;—
1.5 rooms ;; Apartment;Rappensteinstrasse 7; 9000 St. Gallen;Quiet and sunny location;Modern kitchen with glass-ceramic hob;Fiber optic access;CHF 830.-;—
2.5 rooms ; 63 m² ; Apartment;Spisergasse 13; 9000 St. Gallen;Open plan fitted kitchen;Bathroom with bathtub;Direct Migros access;CHF 1,090.-;CHF 208 / m² / year
2 rooms ; 44 m² ; Apartment;Wassergasse 19; 9000 St. Gallen;Spacious balcony;15m2 roof terrace;Quiet location;CHF 1,400.-;CHF 382 / m² / year
3 rooms ;; Apartment;Obere Felsenstrasse 19; 9000 St. Gallen;Renovated apartment;City view balcony;New floors in bedroom & office;CHF 1,300.-;—
3.5 rooms ; 86 m² ; Apartment;Guggeienhof 1a; 9016 St. Gallen;Quiet and sunny location;Modern, well-equipped kitchen;South-facing balcony;CHF 1,613.-;CHF 225 / m² / year
3.5 rooms ; 97 m² ; Apartment;Buchwaldstrasse 4; 9008 St. Gallen;Top-floor apartment;Modern Miele kitchen;Quiet, green location;CHF 1,980.-;CHF 245 / m² / year
3.5 rooms ; 77 m² ; Apartment;Buchwaldstrasse 4; 9008 St. Gallen;Modern amenities;Quiet, green location;Oak parquet flooring;CHF 1,820.-;CHF 284 / m² / year
4 rooms ;; Apartment;Fellenbergstrasse 79; 9000 St. Gallen;Modern comfort & value;Quiet location, near transit;High-quality finishes;CHF 1,530.-;—
1 room ; 22 m² ; Apartment;Rehetobelstrasse 2; 9000 St. Gallen;Lovely kitchen with glass-ceramic hob;Modern bathroom;Balcony, public transport nearby;CHF 800.-;CHF 436 / m² / year
2 rooms ; 45 m² ; Apartment;Burgstrasse 85; 9000 St. Gallen;Cozy 2-room apartment;Kitchen with ceramic hob;Bathroom/WC with window;CHF 980.-;CHF 261 / m² / year
1 room ; 14 m² ; Studio;Linsebühlstrasse 11; 9000 St. Gallen;Shared renovated kitchen;Ideal for students;Central location;CHF 600.-;CHF 514 / m² / year
1 room ; 20 m² ; Studio;Linsebühlstrasse 92; 9000 St. Gallen;Quiet street location;Modern kitchen design;Fiber optic internet access;CHF 750.-;CHF 450 / m² / year
4.5 rooms ; 72 m² ; Attic flat;Teufener Strasse 200; 9012 St. Gallen;Modern high-gloss kitchen;Stylish walk-in shower;Community seating area;CHF 1,480.-;CHF 247 / m² / year
5.5 rooms ; 113 m² ; Apartment;Lehnstrasse 89; 9014 St. Gallen;Modern kitchen with dishwasher;High-quality parquet flooring;Quiet family-friendly area;CHF 2,060.-;CHF 219 / m² / year
2.5 rooms ; 50 m² ; Apartment;Teufener Strasse 162; 9012 St. Gallen;Spacious living area;Private balcony;Convenient transport access;CHF 1,100.-;CHF 264 / m² / year
2 rooms ;; Apartment;Kleinbergstrasse 11; 9000 St. Gallen;Quiet elevated location;Modern equipped kitchen;Close to recreational area;CHF 1,190.-;—
4.5 rooms ; 85 m² ; Apartment;Iddastrasse 28; 9008 St. Gallen;Spacious balcony for relaxation;Eco-friendly geothermal heating;Stylish parquet and ceiling details;CHF 1,790.-;CHF 252 / m² / year
4.5 rooms ; 102 m² ; Apartment;Zwinglistrasse 19; 9000 St. Gallen;Cozy living room with fireplace;Private balcony off kitchen;Central location near amenities;CHF 2,050.-;CHF 241 / m² / year
2.5 rooms ; 52 m² ; Apartment;Schorenstrasse 15; 9000 St. Gallen;New kitchen and bathroom;Quiet green surroundings;Balcony with great views;CHF 1,270.-;CHF 293 / m² / year
3 rooms ; 60 m² ; Furnished apartment;Treuackerstrasse 9; 9000 St. Gallen;Charming and cozy;Balcony and terrace;Near train station;CHF 1,530.-;CHF 306 / m² / year
3 rooms ; 80 m² ; Penthouse;Ilgenstrasse 2; 9000 St. Gallen;Central location, near park;Modern renovation (2017);Loggia with city views;CHF 1,980.-;CHF 297 / m² / year
4.5 rooms ; 108 m² ; Apartment;Goethestrasse 31; 9008 St. Gallen;High-end kitchen;Spacious living area;Park-like garden;CHF 2,250.-;CHF 250 / m² / year
4.5 rooms ; 95 m² ; Apartment;Spiltrücklistrasse 3a; 9011 St. Gallen;Two sunny balconies;Modern kitchen;Quiet area;CHF 1,670.-;CHF 211 / m² / year
5.5 rooms ; 132 m² ; Apartment;Linsebühlstrasse 97; 9000 St. Gallen;Modern kitchen & induction;Fireplace and balcony;Central location & transport;CHF 2,490.-;CHF 226 / m² / year
3 rooms ; 63 m² ; Apartment;Multergasse 22; 9000 St. Gallen;Prime city center location;Modern kitchen appliances;Shared laundry facilities;CHF 1,520.-;CHF 290 / m² / year
4 rooms ; 97 m² ; Apartment;Dufourstrasse 31; 9000 St. Gallen;Privileged location;Sunny and quiet;Garage available;CHF 2,140.-;CHF 265 / m² / year
3 rooms ; 55 m² ; Apartment;Oberstrasse 167b; 9000 St. Gallen;Charming apartment in west city;Close to bus stop (lines 7 & 8);Small balcony;CHF 1,075.-;CHF 235 / m² / year
4.5 rooms ; 140 m² ; Apartment;Rorschacher Strasse 52; 9000 St. Gallen;Large common area;Close to university;Sports facilities nearby;CHF 600.-;CHF 51 / m² / year
2 rooms ; 45 m² ; Apartment;Blumenaustrasse 39; 9000 St. Gallen;Charming attic apartment in the museum district;View of the city park;Spacious bathroom with window;CHF 790.-;CHF 211 / m² / year
3 rooms ; 50 m² ; Apartment;Steingrüeblistrasse 34; 9000 St. Gallen;Trendy, up-and-coming neighborhood;Around 190 different apartments;Communal spaces;CHF 1,490.-;CHF 358 / m² / year
4.5 rooms ; 120 m² ; Apartment;;9000 St. Gallen;Large balcony for relaxation;Modern kitchen with dishwasher;Close to public transport;CHF 1,700.-;CHF 170 / m² / year
3.5 rooms ; 80 m² ; Apartment;Rorschacher Strasse 277c; 9016 St. Gallen;Bright and airy layout;Modern kitchen with granite;Renovated multi-family home;CHF 1,674.-;CHF 251 / m² / year
2.5 rooms ; 89 m² ; Apartment;Hechtackerstrasse 12g; 9014 St. Gallen;Spacious balcony;Modern kitchen;Oak parquet flooring;CHF 1,641.-;CHF 221 / m² / year
3 rooms ; 56 m² ; Apartment;Engelgasse 22a; 9000 St. Gallen;City center location;Quiet courtyard balcony;Large shared cellar;CHF 1,040.-;CHF 223 / m² / year
3.5 rooms ; 90 m² ; Apartment;Solitüdenstrasse; 9012 St. Gallen;Spacious garden seating area;Modern kitchen with dishwasher;Quiet, family-friendly location;CHF 1,630.-;CHF 217 / m² / year
2 rooms ; 40 m² ; Apartment;Tellstrasse 19; 9000 St. Gallen;Bright with separate entrance;Modern kitchen with dishwasher;Close to city center and university;CHF 1,300.-;CHF 390 / m² / year
4 rooms ;; Apartment;Fuchsenstrasse 11; 9016 St. Gallen;Quiet, central location;Spacious living room with terrace;Large kitchen with dishwasher;CHF 1,450.-;—
4 rooms ; 88 m² ; Apartment;Hagenbuchstrasse 31; 9000 St. Gallen;Central location;Balcony;Bright rooms;CHF 1,490.-;CHF 203 / m² / year
1.5 rooms ; 25 m² ; Apartment;Linsebühlstrasse 100; 9000 St. Gallen;Modern kitchen;High-quality parquet;Bright bathroom;CHF 830.-;CHF 398 / m² / year
4 rooms ; 84 m² ; Apartment;Lindenstrasse 86; 9000 St. Gallen;Modern apartment in St. Fiden;High-quality parquet flooring;Large garden with playground;CHF 1,670.-;CHF 239 / m² / year
2.5 rooms ; 41 m² ; Apartment;Stückelbergstrasse 4; 9000 St. Gallen;Renovated in 2023;Spacious bathroom with shower;In-unit washer and dryer;CHF 1,290.-;CHF 378 / m² / year
2 rooms ; 45 m² ; Apartment;Rabenstrasse 6; 9008 St. Gallen;Bright central location;Sunny balcony retreat;In-unit laundry facilities;CHF 1,290.-;CHF 344 / m² / year
1.5 rooms ; 39 m² ; Apartment;Favrestrasse 5; 9016 St. Gallen;Functional kitchen;Cozy balcony;Nearby shopping access;CHF 820.-;CHF 252 / m² / year
5.5 rooms ; 120 m² ; Penthouse;Magnihalden 17; 9000 St. Gallen;Bright rooms with views;Spacious balcony winter garden;Modern kitchen with dishwasher;CHF 2,280.-;CHF 228 / m² / year
4.5 rooms ;; Apartment;Rickenstrasse 14; 9014 St. Gallen;Modern kitchen with granite;Easy-care flooring;Convenient central location;CHF 1,549.-;—
5.5 rooms ;; Apartment;Reherstrasse 22e; 9016 St. Gallen;Bright family-friendly space;Large sunny balcony;Close to Gallusmarkt;CHF 1,990.-;—
3 rooms ; 70 m² ; Apartment;Falkensteinstrasse 90a; 9000 St. Gallen;Freshly painted in 2024;Private balcony with sunset;Quiet area near the forest;CHF 1,220.-;CHF 209 / m² / year
4.5 rooms ; 140 m² ; Apartment;Rorschacher Strasse 52; 9000 St. Gallen;Large common area;Close to university;Sports facilities nearby;CHF 700.-;CHF 60 / m² / year
4 rooms ;; Apartment;Teufener Strasse 42; 9000 St. Gallen;Shared kitchen space;Bright and airy atmosphere;Close to public transport;CHF 510.-;—
1 room ;; Apartment;Altmannweg 1; 9012 St. Gallen;Modern kitchen amenities;Bright living space;Close to public transport;CHF 930.-;—
1 room ;; Apartment;Spisergasse 43; 9000 St. Gallen;Prime central location;Fully furnished & stylish;Brand-new designer bathroom;CHF 1,099.-;—
4.5 rooms ; 90 m² ; Apartment;Kolosseumstrasse 4; 9008 St. Gallen;Bright furnished rooms;Modern kitchen amenities;Balcony for relaxation;CHF 1,750.-;CHF 233 / m² / year
2.5 rooms ; 56 m² ; Apartment;Oberstrasse 95; 9000 St. Gallen;Covered balcony with view;Quiet location, great access;Spacious living and dining area;CHF 1,350.-;CHF 289 / m² / year
2.5 rooms ; 44 m² ; Apartment;Schneebergstrasse 32; 9000 St. Gallen;Stunning city panorama;New kitchen with granite;Quiet location with terrace;CHF 1,280.-;CHF 349 / m² / year
3.5 rooms ;; Apartment;Farbgutstrasse 12; 9008 St. Gallen;Quiet and sunny location;Laminate and parquet floors;Parking available for CHF 50;CHF 1,270.-;—
3.5 rooms ;; Apartment;Haldenstrasse 10; 9000 St. Gallen;Freshly painted interiors;Prime city center location;Older kitchen and bathroom;CHF 1,140.-;—
4.5 rooms ; 110 m² ; Apartment;Poststrasse 15; 9000 St. Gallen;Fully furnished interior;Equipped kitchen included;Central St.Gallen location;CHF 1,999.-;CHF 218 / m² / year
2.5 rooms ; 50 m² ; Apartment;;9014 St. Gallen;Bright and sunny living space;Close to public transport;Parking options available;CHF 1,240.-;CHF 298 / m² / year
1 room ;; Apartment;;9014 St. Gallen;Close to public transport;Nearby grocery stores;Shared laundry facilities;CHF 830.-;—
4.5 rooms ; 105 m² ; Apartment;Paradiesstrasse 19; 9000 St. Gallen;Fully furnished with plants;Equipped kitchen with dishwasher;Balcony with city views;CHF 2,196.-;CHF 251 / m² / year
2.5 rooms ; 61 m² ; Apartment;Werkstrasse 3; 9000 St. Gallen;Near St. Fiden station;Parking available for rent;Close to Kantonsspital;CHF 1,560.-;CHF 307 / m² / year
3.5 rooms ; 100 m² ; Apartment;Sternackerstrasse 6; 9000 St. Gallen;Central yet quiet location;10 m² balcony space;Parking available for rent;CHF 1,775.-;CHF 213 / m² / year
4.5 rooms ; 75 m² ; Apartment;Zürcher Strasse 89; 9000 St. Gallen;Spacious balcony for relaxation;Modern kitchen with granite;Close to public transport;CHF 1,650.-;CHF 264 / m² / year
1.5 rooms ; 32 m² ; Apartment;Fellenbergstrasse 67; 9000 St. Gallen;Spacious balcony for relaxation;Bright rooms with natural light;Close to public transport;CHF 940.-;CHF 353 / m² / year
3.5 rooms ; 68 m² ; Apartment;Spiltrücklistrasse 3b; 9011 St. Gallen;Two sunny balconies;Quiet green area;Close to schools & transport;CHF 1,450.-;CHF 256 / m² / year
4 rooms ; 88 m² ; Apartment;Leimatstrasse 32; 9000 St. Gallen;All-inclusive services;Weekly cleaning included;Quiet privileged location;CHF 2,100.-;CHF 286 / m² / year
1 room ;; Apartment;Bahnhofstrasse 13; 9000 St. Gallen;Furnished room available;2 min walk to station;Close to shops & university;CHF 613.-;—
4 rooms ; 83 m² ; Apartment;Solitüdenstrasse 28; 9012 St. Gallen;Historic building charm;Scenic park-like setting;Modern amenities included;CHF 2,150.-;CHF 311 / m² / year
3 rooms ;; Apartment;Waldaustrasse 15; 9000 St. Gallen;Modern kitchen with appliances;Sunny patio for relaxation;Stylish bathroom with tiles;CHF 1,560.-;—
3 rooms ; 64 m² ; Apartment;Metzgergasse 3; 9000 St. Gallen;Historic charm meets modernity;Sunny location with ample light;Central yet quiet neighborhood;CHF 1,500.-;CHF 281 / m² / year
3 rooms ; 64 m² ; Apartment;Metzgergasse 3; 9000 St. Gallen;Historic charm meets modernity;Sunny location with ample light;Central yet quiet neighborhood;CHF 1,550.-;CHF 291 / m² / year
3 rooms ; 66 m² ; Apartment;Goliathgasse 37; 9000 St. Gallen;Stylish parquet flooring;Modern kitchen with storage;Lift access to all floors;CHF 1,731.-;CHF 315 / m² / year
6.5 rooms ; 157 m² ; Apartment;Zwinglistrasse 28; 9000 St. Gallen;Stunning city and mountain views;Spacious rooms with high ceilings;Heated veranda for year-round use;CHF 3,100.-;CHF 237 / m² / year
2.5 rooms ;; Attic flat;Storchenstrasse 2; 9008 St. Gallen;Modern kitchen with appliances;High-quality parquet flooring;Ideal central location;CHF 1,260.-;—
2.5 rooms ; 59 m² ; Apartment;Rappensteinstrasse 7; 9000 St. Gallen;Sunny quiet location;Modern kitchen features;Fiber optic internet access;CHF 1,125.-;CHF 229 / m² / year
4 rooms ; 77 m² ; Apartment;Zürcher Strasse 33; 9000 St. Gallen;Spacious bright kitchen;Elegant parquet flooring;Central location amenities;CHF 1,529.-;CHF 238 / m² / year
3 rooms ; 54 m² ; Apartment;Davidstrasse 15; 9000 St. Gallen;Modern kitchen with dishwasher;Renovated stylish bathroom;Wooden flooring throughout;CHF 1,092.-;CHF 243 / m² / year
3 rooms ; 65 m² ; Apartment;Haggenstrasse 8; 9014 St. Gallen;Modern kitchen with dishwasher;Stylish renovated bathroom;Cozy balcony for relaxation;CHF 1,400.-;CHF 258 / m² / year
4 rooms ; 89 m² ; Apartment;Neptunstrasse 3; 9000 St. Gallen;Bright high-ceiling rooms;New kitchen with balcony;Modern bathroom amenities;CHF 1,660.-;CHF 224 / m² / year
3 rooms ; 60 m² ; Apartment;Steingrüeblistrasse 44; 9000 St. Gallen;Elevated location in St. Gallen;Modern kitchen with dishwasher;Cozy balcony for relaxation;CHF 1,400.-;CHF 280 / m² / year
3.5 rooms ; 74 m² ; Apartment;Singenbergstrasse 6; 9000 St. Gallen;Spacious modern bathroom;Bright living area;Stylish kitchen with granite;CHF 1,595.-;CHF 259 / m² / year
5 rooms ; 121 m² ; Apartment;Zwinglistrasse 41; 9000 St. Gallen;Stunning city and mountain views;High ceilings with stucco details;Private garden with pavilion;CHF 2,830.-;CHF 281 / m² / year
2.5 rooms ; 73 m² ; Apartment;Oberstrasse 119; 9000 St. Gallen;Bright and spacious layout;Quiet balcony with sun;Modern kitchen and bathroom;CHF 1,830.-;CHF 301 / m² / year
4.5 rooms ;; Apartment;Föhrenstrasse 5a; 9000 St. Gallen;Freshly renovated interior;Unique Jugendstil architecture;Cozy tiled stove available;CHF 950.-;—
1.5 rooms ; 34 m² ; Apartment;Scheibenackerstrasse 16; 9000 St. Gallen;Private washer & dryer;Spacious kitchen area;Quiet residential location;CHF 990.-;CHF 349 / m² / year
3 rooms ;; Apartment;Ulmenstrasse 5; 9000 St. Gallen;Ideal for shared living;Modern kitchen amenities;Convenient in-unit washer;CHF 1,240.-;—
1 room ; 9 m² ; Apartment;Zwinglistrasse 15; 9000 St. Gallen;Fully furnished rooms;Shared kitchens & lounges;Central location near university;CHF 530.-;CHF 707 / m² / year
2 rooms ;; Apartment;Ruhsitzstrasse 8; 9000 St. Gallen;Exposed beams and charm;Bright and airy spaces;Cozy fireplace included;CHF 1,220.-;—
4.5 rooms ; 110 m² ; Apartment;Flurhofstrasse 12; 9000 St. Gallen;Spacious south-facing balcony;High-quality kitchen finishes;Direct elevator access from garage;CHF 2,400.-;CHF 262 / m² / year
1 room ; 15 m² ; Apartment;Lindenstrasse 69; 9000 St. Gallen;Bright room with balcony;Private bathroom nearby;Fully equipped kitchen;CHF 963.-;CHF 770 / m² / year
1 room ; 28 m² ; Apartment;Tigerbergstrasse 11; 9000 St. Gallen;Sunny and bright spaces;Private balcony retreat;Beautiful city views;CHF 1,020.-;CHF 437 / m² / year
3 rooms ; 70 m² ; Apartment;Flurhofstrasse 125; 9000 St. Gallen;New kitchen installed;Large living room with balcony;Convenient storage options;CHF 1,015.-;CHF 174 / m² / year
4 rooms ; 72 m² ; Apartment;Flurhofstrasse 125; 9000 St. Gallen;Beautiful kitchen;Large living room;Balcony access;CHF 1,020.-;CHF 170 / m² / year
2.5 rooms ; 44 m² ; Apartment;Felsenstrasse 78; 9000 St. Gallen;Shared rooftop terrace;Modern kitchen amenities;Close to public transport;CHF 1,150.-;CHF 314 / m² / year
2.5 rooms ; 66 m² ; Apartment;Falkensteinstrasse 15; 9000 St. Gallen;Bright living area;Private laundry tower;Wooden parquet flooring;CHF 1,620.-;CHF 295 / m² / year
2.5 rooms ; 59 m² ; Apartment;Ilgenstrasse 24; 9000 St. Gallen;Modern kitchen with dishwasher;Bright bathroom with shower;Spacious rooms with parquet;CHF 1,180.-;CHF 240 / m² / year
1.5 rooms ; 30 m² ; Apartment;Brunnenbergstrasse 10; 9000 St. Gallen;Renovated kitchen & bath;Cozy balcony for relaxation;Prime location near transit;CHF 1,040.-;CHF 416 / m² / year
4.5 rooms ; 121 m² ; Apartment;Vogelherdstrasse 19; 9016 St. Gallen;Quiet family-friendly area;Direct access to garage;Spacious open kitchen;CHF 2,291.-;CHF 227 / m² / year
3.5 rooms ; 90 m² ; Apartment;Metzgergasse 22; 9000 St. Gallen;Modern open kitchen;High-quality parquet floors;Quiet balcony overlooking courtyard;CHF 2,500.-;CHF 333 / m² / year
4.5 rooms ; 82 m² ; Apartment;Teufener Strasse 190; 9012 St. Gallen;Bright rooms with parquet;Modern kitchen with balcony;Eco-friendly heating system;CHF 1,450.-;CHF 212 / m² / year
1 room ; 30 m² ; Apartment;St. Georgen-Strasse 36; 9000 St. Gallen;Cozy Altbau charm;Close to Mühlegg-Weihers;Great local amenities;CHF 790.-;CHF 316 / m² / year
3.5 rooms ;; Apartment;Fuchsenstrasse 1; 9016 St. Gallen;Sunny balcony for relaxation;Timeless kitchen with oven;Quiet location near shopping;CHF 1,290.-;—
3.5 rooms ; 80 m² ; Furnished apartment;Wildeggstrasse 16; 9000 St. Gallen;Spacious living room;Furnished balcony;Modern bathroom amenities;CHF 1,950.-;CHF 293 / m² / year
4.5 rooms ; 82 m² ; Apartment;Harfenbergstrasse 24; 9000 St. Gallen;Quiet central location;South-west facing balcony;Ensuite shower in master;CHF 1,589.-;CHF 233 / m² / year
2 rooms ; 52 m² ; Apartment;Iddastrasse 41; 9008 St. Gallen;Modern kitchen amenities;Sunny balcony with views;Spacious and practical layout;CHF 1,310.-;CHF 302 / m² / year
1 room ; 22 m² ; Apartment;Torstrasse 22; 9000 St. Gallen;Stylish shared kitchen;Lift access to all floors;Close to public transport;CHF 875.-;CHF 477 / m² / year
3.5 rooms ; 92 m² ; Apartment;Schibistrasse 5; 9000 St. Gallen;Spacious living room;Modern kitchen;Large balcony;CHF 2,130.-;CHF 278 / m² / year
3 rooms ; 50 m² ; Apartment;Kräzernstrasse 75; 9015 St. Gallen;Spacious, bright rooms;Modern kitchen;Balcony access;CHF 1,300.-;CHF 312 / m² / year
2 rooms ;; Apartment;Schorenstrasse 73; 9000 St. Gallen;New modern kitchen;Designer bathroom with rain shower;Balcony with stunning views;CHF 1,320.-;—
2.5 rooms ; 39 m² ; Apartment;Spyristrasse 3; 9008 St. Gallen;Spacious open layout;Modern kitchen design;Lift access available;CHF 1,110.-;CHF 342 / m² / year
4 rooms ;; Apartment;Teufener Strasse 33; 9000 St. Gallen;Bright kitchen with balcony;Cozy second balcony view;Spacious rooms with parquet;CHF 1,410.-;—
3.5 rooms ; 64 m² ; Apartment;Zürcher Strasse 267a; 9014 St. Gallen;Bright open living space;Private garden seating area;Convenient public transport access;CHF 1,550.-;CHF 291 / m² / year
1 room ; 20 m² ; Furnished apartment;Brühlgasse 23; 9000 St. Gallen;Shared terrace for gatherings;Private bathroom in each room;Free Wi-Fi for all tenants;CHF 830.-;CHF 498 / m² / year
4 rooms ;; Apartment;Lämmlisbrunnenstrasse 43; 9000 St. Gallen;Elegant parquet flooring;Separate kitchen with storage;Close to city center;CHF 1,850.-;—
4.5 rooms ;; Apartment;Rehetobelstrasse 5; 9000 St. Gallen;Elegant parquet floors;Bright kitchen with dishwasher;Sunny balcony for relaxation;CHF 1,680.-;—
2.5 rooms ; 76 m² ; Apartment;;9000 St. Gallen;Stylish two-level layout;Modern color concept;In-unit laundry facilities;CHF 1,930.-;CHF 305 / m² / year
1 room ; 26 m² ; Apartment;Treuackerstrasse 28; 9000 St. Gallen;Gentle renovation last year;Original built-in wardrobe;Separate kitchen nook;CHF 900.-;CHF 415 / m² / year
4 rooms ;; Apartment;Hirtenstrasse 6; 9008 St. Gallen;Stunning views of Säntis;Quiet green family area;Pet-friendly living space;CHF 2,110.-;—
2.5 rooms ; 59 m² ; Apartment;Lindenstrasse 155; 9016 St. Gallen;Modern kitchen with granite;In-unit washer and dryer;Perfect transport connections;CHF 1,690.-;CHF 344 / m² / year
1 room ;; Apartment;Metzgergasse 10; 9000 St. Gallen;Bright living spaces;Bathtub in bathroom;Quiet city-center location;CHF 870.-;—
4 rooms ; 85 m² ; Apartment;Goldbrunnenstrasse 30; 9000 St. Gallen;Historic building charm;Private balcony retreat;Convenient public transport;CHF 1,750.-;CHF 247 / m² / year
2.5 rooms ; 46 m² ; Apartment;Rorschacher Strasse 216; 9000 St. Gallen;Modern kitchen with granite;Cozy balcony for relaxation;High-quality parquet flooring;CHF 1,345.-;CHF 351 / m² / year
4.5 rooms ;; Apartment;Engelgasse 13; 9000 St. Gallen;Modern kitchen with appliances;Stylish parquet flooring;Private washing machine connection;CHF 1,830.-;—
3.5 rooms ; 71 m² ; Apartment;Splügenstrasse 9; 9008 St. Gallen;Renovated kitchen with modern appliances;Bright parquet flooring throughout;Convenient balcony for relaxation;CHF 1,390.-;CHF 235 / m² / year
4.5 rooms ; 112 m² ; Stepped apartment;Felsenstrasse 63; 9000 St. Gallen;Stunning city views;Modern open kitchen;Private laundry in basement;CHF 3,500.-;CHF 375 / m² / year
4 rooms ; 100 m² ; Loft;Kolosseumstrasse 12b; 9008 St. Gallen;Modern kitchen with smart tech;Private garden seating area;Unique industrial charm;CHF 2,365.-;CHF 284 / m² / year
3 rooms ; 64 m² ; Apartment;Kolumbanstrasse 14; 9008 St. Gallen;Bright kitchen with dishwasher;Modern bathroom with tub;Balcony with great views;CHF 1,485.-;CHF 278 / m² / year
27 rooms ;; Apartment;Teufener Strasse 170; 9012 St. Gallen;Ideal for students;Private kitchen & bath;Balcony with a view;CHF 700.-;—
4.5 rooms ; 98 m² ; Apartment;Rorschacher Strasse 125; 9000 St. Gallen;Spacious balcony for relaxation;Modern kitchen with storage;Pet-friendly living space;CHF 1,820.-;CHF 223 / m² / year
3.5 rooms ; 92 m² ; Apartment;Neugasse 51; 9000 St. Gallen;Spacious bright layout;Modern kitchen amenities;Private terrace oasis;CHF 2,490.-;CHF 325 / m² / year
3.5 rooms ;; Apartment;Langgasse 23; 9008 St. Gallen;Modern fitted kitchen;Spacious bathtub;Wooden parquet flooring;CHF 1,500.-;—
4 rooms ; 90 m² ; Apartment;Oberstrasse 87; 9000 St. Gallen;Two sunny balconies;Modern kitchen with space;Parking in heated garage;CHF 1,675.-;CHF 223 / m² / year
3.5 rooms ; 66 m² ; Apartment;Kolosseumstrasse 6; 9008 St. Gallen;Near St. Fiden station;Small park in front;Convenient shopping nearby;CHF 1,160.-;CHF 211 / m² / year
2.5 rooms ; 54 m² ; Apartment;Zürcher Strasse 6; 9000 St. Gallen;Spacious living area;Private balcony space;Reserved parking included;CHF 1,430.-;CHF 318 / m² / year
3 rooms ;; Apartment;;9000 St. Gallen;Prime location with transport;Quiet yet central area;Ideal for singles or couples;CHF 1,340.-;—
2.5 rooms ; 62 m² ; Apartment;Langgasse 79; 9008 St. Gallen;Fully furnished & equipped;Prime location near university;Parking spot included;CHF 1,040.-;CHF 201 / m² / year
2.5 rooms ; 42 m² ; Apartment;Ruhsitzstrasse 31; 9000 St. Gallen;Modern kitchen design;Stylish tiled flooring;Close to public transport;CHF 1,250.-;CHF 357 / m² / year
4.5 rooms ; 116 m² ; Apartment;Rosenheimstrasse 1; 9008 St. Gallen;Bright living area;Private washing machine;Ideal for HSG students;CHF 1,710.-;CHF 177 / m² / year
2 rooms ; 50 m² ; Apartment;;9015 St. Gallen;Bright, quiet living space;Modern heating system;Close to public transport;CHF 880.-;CHF 211 / m² / year
4.5 rooms ; 88 m² ; Apartment;Langgasse 93; 9008 St. Gallen;Beautiful herringbone parquet;In-unit washer and dryer;Modern kitchen with ceramic;CHF 1,647.-;CHF 225 / m² / year
3.5 rooms ;; Apartment;Zürcher Strasse 102; 9000 St. Gallen;Sunny living spaces;Great balcony for sun;Easy-clean bathroom;CHF 1,290.-;—
3.5 rooms ; 60 m² ; Apartment;Harfenbergstrasse; 9000 St. Gallen;Spacious living room;Central location;Well-equipped kitchen;CHF 1,200.-;CHF 240 / m² / year
3 rooms ; 68 m² ; Apartment;;9000 St. Gallen;Charming old town location;Luxurious open-plan kitchen;Shared terrace with city views;CHF 2,135.-;CHF 377 / m² / year
4.5 rooms ; 96 m² ; Apartment;Im Grund 16; 9012 St. Gallen;Modern kitchen with quality appliances;Cozy living room with fireplace;Private garden seating area;CHF 2,290.-;CHF 286 / m² / year
2 rooms ; 35 m² ; Apartment;Zürcher Strasse 51; 9000 St. Gallen;Renovated historic building;Equipped laundry room;Central location near bus stop;CHF 925.-;CHF 317 / m² / year
1.5 rooms ; 43 m² ; Apartment;Storchenstrasse 1; 9008 St. Gallen;Quiet residential area;Open living space;Fiber optic internet access;CHF 1,165.-;CHF 325 / m² / year
3.5 rooms ; 80 m² ; Apartment;Storchenstrasse 1; 9008 St. Gallen;Quiet balcony retreat;Green view bedroom;Fiber optic internet ready;CHF 1,640.-;CHF 246 / m² / year
1 room ;; Apartment;Spisergasse 43; 9000 St. Gallen;Modern bathroom design;Stylish designer furnishings;Lift access to 4th floor;CHF 899.-;—
2 rooms ; 23 m² ; Studio;Rosenbergstrasse 55; 9000 St. Gallen;Fully equipped kitchen;All utilities included;5 min walk to city center;CHF 900.-;CHF 470 / m² / year
5.5 rooms ; 112 m² ; Apartment;Peter-Und-Paul-Strasse 30; 9010 St. Gallen;Spacious balcony with views;Modern kitchen and bath;Optional heated attic room;CHF 2,540.-;CHF 272 / m² / year
3.5 rooms ;; Apartment;Schreinerstrasse; 9000 St. Gallen;Unconventional layout;Small balcony;Prime location near Red Square;CHF 1,560.-;—
4.5 rooms ;; Penthouse;Klosterweidlistrasse; 9010 St. Gallen;Quiet central location;Close to public transport;Nearby shopping and university;CHF 2,550.-;—
3.5 rooms ; 80 m² ; Apartment;Gerbestrasse 15a; 9000 St. Gallen;Bright, spacious living room;Modern kitchen with storage;Covered balcony with views;CHF 1,530.-;CHF 230 / m² / year
6.5 rooms ;; Penthouse;Tellstrasse 18; 9000 St. Gallen;Stunning views from the hill;Large garden for relaxation;Fully furnished, move-in ready;CHF 5,500.-;—
2 rooms ; 50 m² ; Apartment;;9015 St. Gallen;Bright, quiet space;Modern parquet flooring;Convenient laundry access;CHF 1,020.-;CHF 245 / m² / year
1 room ; 14 m² ; Furnished apartment;Tellstrasse 18; 9000 St. Gallen;Fully furnished & equipped;Large garden for relaxation;Parking available on request;CHF 1,230.-;CHF 1,054 / m² / year
1 room ; 24 m² ; Apartment;;9000 St. Gallen;Bright living space;Private bathroom;Shared kitchen access;CHF 880.-;CHF 440 / m² / year
92 m² ;; Studio;Marktgasse; 9000 St. Gallen;Elegant parquet flooring;Equipped kitchenette;Central location with lift;CHF 1,950.-;CHF 254 / m² / year
2.5 rooms ; 40 m² ; Apartment;Langgasse 23; 9008 St. Gallen;Separate kitchen and living room;Quiet location, not street-facing;Close to shops and public transport;CHF 1,290.-;CHF 387 / m² / year
4.5 rooms ; 98 m² ; Apartment;;9000 St. Gallen;Spacious sunlit balcony;Large windows for brightness;Prime location near park;CHF 1,990.-;CHF 244 / m² / year
1.5 rooms ;; Apartment;;9000 St. Gallen;All utilities included;Fully equipped kitchen;Access to laundry room;CHF 1,050.-;—
3.5 rooms ;; Apartment;;9000 St. Gallen;15 min to university;Dishwasher included;Shared laundry facilities;CHF 1,480.-;—
1 room ; 20 m² ; Apartment;Rotachstrasse 6; 9000 St. Gallen;3 min to city center;Family-friendly street;Lovely neighborhood gardens;CHF 990.-;CHF 594 / m² / year
5 rooms ; 117 m² ; Apartment;Zürcher Strasse 233; 9014 St. Gallen;Bright kitchen with table;Sunny terrace for sharing;Close to shopping center;CHF 1,790.-;CHF 184 / m² / year
4.5 rooms ; 130 m² ; Apartment;;9000 St. Gallen;Stunning rooftop terrace;Fully equipped kitchen;Convenient bus access;CHF 2,055.-;CHF 190 / m² / year
2 rooms ; 130 m² ; Apartment;Langgasse 110; 9008 St. Gallen;Stunning city views;50 m² rooftop terrace;Bright, spacious living area;CHF 1,040.-;CHF 96 / m² / year
4 rooms ; 83 m² ; Apartment;;9010 St. Gallen;Perfect for exchange students;Includes all household essentials;Modern kitchen with dishwasher;CHF 1,990.-;CHF 288 / m² / year
4 rooms ;; Apartment;Parkstrasse 16; 9000 St. Gallen;Fully furnished rooms;Prime location near city;Short walk to university;CHF 1,550.-;—
4.5 rooms ; 114 m² ; Apartment;Furglerstrasse; 9000 St. Gallen;Stunning views from loggia;High ceilings and parquet floors;Minergie standard for comfort;CHF 2,375.-;CHF 250 / m² / year
3.5 rooms ; 75 m² ; Apartment;Bernhardswiesstrasse 17; 9014 St. Gallen;Sunny balcony for relaxation;Child-friendly neighborhood;Stylish parquet flooring;CHF 1,440.-;CHF 230 / m² / year
2.5 rooms ;; Apartment;Rabenstrasse 6; 9008 St. Gallen;Centrally located in St. Gallen;Fully equipped kitchen;In-unit laundry facilities;CHF 1,160.-;—
3 rooms ;; Apartment;Lindenstrasse 29; 9000 St. Gallen;Bright spacious living room;Modern open kitchen;Quiet family-friendly area;CHF 1,590.-;—
1 room ;; Apartment;;9000 St. Gallen;Bright living space;Modern kitchen;Close to public transport;CHF 1,099.-;—
4 rooms ;; Apartment;Singenbergstrasse 12; 9000 St. Gallen;Bright living room;Small balcony space;Friendly roommate David;CHF 800.-;—
5 rooms ; 100 m² ; Apartment;Aeusserer Sonnenweg 3; 9000 St. Gallen;Bright and airy spaces;Central location;Classic old-town charm;CHF 1,890.-;CHF 227 / m² / year
1 room ; 25 m² ; Apartment;Lämmlisbrunnenstrasse 50; 9000 St. Gallen;Bright large windows;Fully furnished space;Close to public transport;CHF 950.-;CHF 456 / m² / year
2.5 rooms ; 62 m² ; Apartment;Gartenstrasse; 9000 St. Gallen;Modern kitchen with balcony;Bright living area;Close to public transport;CHF 1,495.-;CHF 289 / m² / year
2.5 rooms ; 54 m² ; Apartment;Gartenstrasse 15; 9000 St. Gallen;Light-filled rooms;Modern kitchen amenities;Convenient lift access;CHF 1,300.-;CHF 289 / m² / year
3 rooms ; 71 m² ; Apartment;Zwinglistrasse 27; 9000 St. Gallen;New kitchen with dishwasher;In-unit washer and dryer;Close to HSG and station;CHF 2,070.-;CHF 350 / m² / year
2.5 rooms ; 75 m² ; Apartment;Winkelriedstrasse 36; 9000 St. Gallen;Bright with city views;Open layout with terrace;Private laundry in bathroom;CHF 1,690.-;CHF 270 / m² / year
4.5 rooms ;; Apartment;Redingstrasse 3; 9000 St. Gallen;Stunning city views;Modern design by pros;Mini office setup included;CHF 3,990.-;—
1 room ; 23 m² ; Apartment;Spisergasse 43; 9000 St. Gallen;Central location, 2-3 min walk;Uniquely furnished by designer;Modern renovated bathroom;CHF 899.-;CHF 469 / m² / year
3.5 rooms ; 85 m² ; Apartment;Otmarstrasse 19; 9000 St. Gallen;Balcony with evening sun;Directly by bus stop;Nearby parks for relaxation;CHF 1,550.-;CHF 219 / m² / year
2.5 rooms ; 60 m² ; Apartment;Felsenstrasse 84; 9000 St. Gallen;Sunny balcony for relaxation;In-apartment washer/dryer;Fully equipped kitchen included;CHF 1,600.-;CHF 320 / m² / year
3.5 rooms ;; Apartment;Sankt Jakob-Strasse 64; 9000 St. Gallen;Ideal for students;Close to Olma Messe;10 min walk to university;CHF 1,600.-;—
3 rooms ;; Apartment;Tempelackerstrasse 20a; 9000 St. Gallen;Freshly renovated kitchen;Shared garden space;Easy access to transport;CHF 1,530.-;—
1 room ;; Apartment;;9000 St. Gallen;Bright open floor plan;Convenient shared laundry;Steps from shopping & transport;CHF 899.-;—
4.5 rooms ;; Apartment;Multergasse 6; 9000 St. Gallen;Renovated historic charm;Lift access to the apartment;Quiet central location;CHF 2,750.-;—
1 room ; 23 m² ; Apartment;Spisergasse 43; 9000 St. Gallen;Central location, 2-3 min walk;Uniquely furnished with style;Includes all furniture and decor;CHF 899.-;CHF 469 / m² / year
4 rooms ; 70 m² ; Apartment;Rorschacher Strasse 196; 9000 St. Gallen;Bright bathroom with window;Modern kitchen with ceramic;Garage space available;CHF 1,400.-;CHF 240 / m² / year
1.5 rooms ; 45 m² ; Apartment;Brauerstrasse 23; 9000 St. Gallen;Stunning mountain views;Cozy fireplace ambiance;Spacious outdoor terrace;CHF 1,285.-;CHF 343 / m² / year
4.5 rooms ; 88 m² ; Apartment;Hinterberg 18; 9014 St. Gallen;West-facing balcony;Separate bath and WC;Nearby playground area;CHF 1,175.-;CHF 160 / m² / year
2.5 rooms ; 40 m² ; Furnished apartment;Lindenstrasse 66; 9000 St. Gallen;Fully furnished living space;Balcony with great views;Close to public transport;CHF 1,720.-;CHF 516 / m² / year
3.5 rooms ; 87 m² ; Apartment;Kunklerstrasse 1; 9015 St. Gallen;Includes underground parking;Available from July 2025;Affordable monthly rent;CHF 1,730.-;CHF 239 / m² / year
3.5 rooms ;; Apartment;;9014 St. Gallen;Central location with transport;Balcony for outdoor relaxation;Pets allowed upon request;CHF 1,387.-;—
2.5 rooms ; 70 m² ; Apartment;Neugasse 36; 9000 St. Gallen;Central location, 1 min walk;Private attic for storage;Balcony with city views;CHF 1,156.-;CHF 198 / m² / year
2.5 rooms ; 48 m² ; Apartment;Metallstrasse 12; 9000 St. Gallen;Modern kitchen with dishwasher;Elegant bathroom with rain shower;High-quality parquet flooring;CHF 1,350.-;CHF 338 / m² / year
2.5 rooms ; 49 m² ; Attic flat;Metallstrasse 12; 9000 St. Gallen;Stylish modern kitchen;Elegant bathroom with rain shower;High-quality parquet flooring;CHF 1,300.-;CHF 318 / m² / year
1 room ; 15 m² ; Apartment;Wassergasse 47; 9000 St. Gallen;Modern kitchen with granite;Own washing machine connection;Bright, newly renovated space;CHF 900.-;CHF 720 / m² / year
2.5 rooms ; 67 m² ; Apartment;Straubenzellstrasse 20; 9014 St. Gallen;Open kitchen with storage;Cozy balcony for relaxation;Playground and green spaces;CHF 1,590.-;CHF 285 / m² / year
3.5 rooms ; 83 m² ; Apartment;Sankt Georgenstrasse 201; 9011 St. Gallen;Modern kitchen with stone tops;Balcony with city views;Close to public transport;CHF 1,490.-;CHF 215 / m² / year
2.5 rooms ;; Apartment;Rosenbergstrasse; 9000 St. Gallen;Stylish equipped kitchen;Sunny private balcony;Elegant bathroom with shower;CHF 1,405.-;—
4 rooms ;; Apartment;Rittmeyerstrasse; 9014 St. Gallen;Open living area with balcony;Modern kitchen with appliances;Shared garden and guest room;CHF 1,590.-;—
3.5 rooms ; 75 m² ; Apartment;Lindenstrasse 116; 9000 St. Gallen;Sunny and quiet location;Fiber optic internet access;Close to public transport;CHF 1,590.-;CHF 254 / m² / year
1.5 rooms ; 25 m² ; Apartment;Mühlensteg 10a; 9000 St. Gallen;Central yet tranquil location;All utilities included;Close to train station;CHF 1,170.-;CHF 562 / m² / year
2.5 rooms ; 50 m² ; Apartment;Linsebühlstrasse 100; 9000 St. Gallen;Fully furnished for comfort;Quiet despite central location;Short walk to amenities;CHF 1,200.-;CHF 288 / m² / year
4.5 rooms ;; Furnished apartment;Unterstrasse 59; 9000 St. Gallen;Ready to move in;Fast Wi-Fi included;Quiet street location;CHF 2,400.-;—
3.5 rooms ; 115 m² ; Apartment;Buchwaldstrasse 3; 9008 St. Gallen;Stunning gallery space;Bright and airy design;Scenic rooftop views;CHF 1,580.-;CHF 165 / m² / year
3.5 rooms ; 71 m² ; Apartment;Distelistrasse 8; 9014 St. Gallen;Bright oak parquet floors;Modern kitchen with dishwasher;Private laundry on same floor;CHF 1,280.-;CHF 216 / m² / year
3 rooms ; 65 m² ; Apartment;Langgasse 61; 9008 St. Gallen;South-facing balcony;Bright kitchen and bath;Lift access available;CHF 1,370.-;CHF 253 / m² / year
1.5 rooms ; 27 m² ; Apartment;Unterstrasse 52; 9000 St. Gallen;Fully furnished and ready;Prime location near station;Smart living technology;CHF 1,195.-;CHF 531 / m² / year
3 rooms ; 77 m² ; Apartment;;9010 St. Gallen;Quiet location near pool;Direct access to garden;Cozy fire pit area;CHF 1,730.-;CHF 270 / m² / year
3.5 rooms ; 77 m² ; Apartment;Lehnstrasse 10; 9014 St. Gallen;Bright and spacious layout;Convenient high ground floor;Ideal location in St. Gallen;CHF 1,390.-;CHF 217 / m² / year
3.5 rooms ; 77 m² ; Apartment;Lehnstrasse 10; 9014 St. Gallen;Bright and airy space;Quiet neighborhood;Close to public transport;CHF 1,230.-;CHF 192 / m² / year
2.5 rooms ;; Apartment;Lukasstrasse 4; 9008 St. Gallen;Rustic charm throughout;Quiet residential area;Close to public transport;CHF 1,050.-;—
3 rooms ;; Apartment;Flurhofstrasse; 9000 St. Gallen;Spacious living area;Balcony with view;Shared laundry facilities;CHF 1,340.-;—
1.5 rooms ; 52 m² ; Apartment;Oberstrasse 106; 9000 St. Gallen;High-quality flooring;Bright, spacious rooms;Modern kitchen design;CHF 1,190.-;CHF 275 / m² / year
3.5 rooms ; 74 m² ; Apartment;Rorschacher Strasse 231; 9016 St. Gallen;Bright and spacious entry;Modern tiled kitchen;Stylish laminate flooring;CHF 1,320.-;CHF 214 / m² / year
5.5 rooms ; 120 m² ; Duplex;Zürcher Strasse 438; 9015 St. Gallen;Modern kitchen with dishwasher;Private laundry in apartment;Central location with transport;CHF 2,030.-;CHF 203 / m² / year
1 room ; 26 m² ; Apartment;Volksbadstrasse 8; 9000 St. Gallen;Modern kitchen design;Cozy balcony space;Close to public transport;CHF 900.-;CHF 415 / m² / year
2.5 rooms ; 42 m² ; Apartment;Ruhsitzstrasse 31; 9000 St. Gallen;Modern kitchen design;Quiet location near city;Easy access to public transport;CHF 1,090.-;CHF 311 / m² / year
4 rooms ; 90 m² ; Apartment;Oberstrasse 165; 9000 St. Gallen;Freshly renovated in 2025;Private balcony with views;Family-friendly location;CHF 1,370.-;CHF 183 / m² / year
2.5 rooms ;; Apartment;Teufener Strasse; 9000 St. Gallen;Bright with natural light;Open kitchen for cooking;Central location with access;CHF 1,450.-;—
4 rooms ; 70 m² ; Apartment;Mühlenstrasse 12; 9000 St. Gallen;Spacious and unique layout;Idyllic central location;Quiet with river views;CHF 1,290.-;CHF 221 / m² / year
1.5 rooms ; 44 m² ; Apartment;Brunnenbergstrasse 8; 9000 St. Gallen;Freshly renovated interiors;Close to shopping and transport;Cozy living area with laminate;CHF 800.-;CHF 218 / m² / year
2 rooms ; 35 m² ; Apartment;Mühlenstrasse 12; 9000 St. Gallen;Unique floor plan design;Quiet riverside location;Open kitchen with storage;CHF 880.-;CHF 302 / m² / year
4.5 rooms ; 120 m² ; Apartment;Demutstrasse 44; 9000 St. Gallen;Spacious 120 m² layout;Sunny balcony with views;Direct access to nature trails;CHF 2,150.-;CHF 215 / m² / year
1.5 rooms ; 26 m² ; Apartment;Brunnenbergstrasse 5; 9000 St. Gallen;New kitchen and bathroom;Bright living area;Quiet central location;CHF 810.-;CHF 374 / m² / year
4.5 rooms ;; Apartment;Zürcher Strasse 438; 9015 St. Gallen;Modern kitchen with dishwasher;Easy-care bathroom flooring;Laminated living room floors;CHF 1,520.-;—
3.5 rooms ; 102 m² ; Attic flat;Rorschacher Strasse 233; 9016 St. Gallen;Modern kitchen design;Large bathroom with tub;Bright laminate flooring;CHF 1,400.-;CHF 165 / m² / year
3.5 rooms ; 57 m² ; Apartment;Löwengasse 3; 9000 St. Gallen;Exclusive urban location;Private and bright rooms;Stylish design kitchen;CHF 2,150.-;CHF 450 / m² / year
5.5 rooms ; 107 m² ; Apartment;Löwengasse 3; 9000 St. Gallen;Private rooftop terrace;Stylish design kitchen;Bright, spacious rooms;CHF 3,350.-;CHF 375 / m² / year
1 room ; 40 m² ; Apartment;Volksbadstrasse 2; 9000 St. Gallen;Central location;Ideal for students;Close to parks and sports;CHF 800.-;CHF 240 / m² / year
3.5 rooms ; 83 m² ; Apartment;Ludwigstrasse 17; 9010 St. Gallen;Cozy living room with fireplace;Balcony with great views;Family-friendly neighborhood;CHF 1,663.-;CHF 240 / m² / year
4.5 rooms ; 85 m² ; Apartment;Bernhardswiesstrasse 17; 9014 St. Gallen;Bright and airy rooms;Child-friendly neighborhood;Stunning views from balcony;CHF 1,630.-;CHF 230 / m² / year
4.5 rooms ; 98 m² ; Apartment;Schlösslistrasse 11; 9000 St. Gallen;Stunning mountain views;Cozy fireplace ambiance;Spacious outdoor terrace;CHF 1,900.-;CHF 233 / m² / year
2.5 rooms ; 57 m² ; Apartment;Brühlgasse 44; 9000 St. Gallen;Practical kitchen with ceramic;Cozy living room with parquet;Sunny balcony for relaxation;CHF 1,290.-;CHF 272 / m² / year
1 room ;; Apartment;Spisergasse 43; 9000 St. Gallen;Central location, 2-3 min walk;All-inclusive rent with furniture;Modern designer bathroom & LED;CHF 899.-;—
3.5 rooms ; 90 m² ; Apartment;Rappensteinstrasse 8; 9000 St. Gallen;Two covered balconies;Modern kitchen with dishwasher;Spacious living area;CHF 2,100.-;CHF 280 / m² / year
3 rooms ; 70 m² ; Apartment;Harfenbergstrasse 17; 9000 St. Gallen;Bright and airy living space;Quiet central location;Inclusive of utilities;CHF 1,200.-;CHF 206 / m² / year
2.5 rooms ;; Apartment;Rorschacher Strasse 9000; 9016 St. Gallen;Spacious open living kitchen;Private laundry in apartment;Bright rooms with balcony;CHF 1,590.-;—
5 rooms ;; Apartment;Burgstrasse 33; 9000 St. Gallen;Spacious living area;Modern kitchen features;Quiet urban location;CHF 2,270.-;—
4.5 rooms ;; Apartment;Hinterberg 32; 9014 St. Gallen;Sunny balcony with views;Modern kitchen with dishwasher;Quiet location near transport;CHF 1,690.-;—
2.5 rooms ;; Apartment;Konkordiastrasse 2; 9000 St. Gallen;Close to public transport;Walking distance to city;Near three ponds;CHF 1,150.-;—
4.5 rooms ;; Apartment;Marktgasse 13; 9000 St. Gallen;Elevator access for convenience;Bright sunny rooms in summer;Quiet central location;CHF 2,290.-;—
3 rooms ; 60 m² ; Apartment;Bruggwiesenweg 18; 9000 St. Gallen;Bright and welcoming space;Close to shopping and transport;Nearby recreational areas;CHF 1,275.-;CHF 255 / m² / year
3.5 rooms ; 99 m² ; Apartment;Ullmannstrasse 23a; 9014 St. Gallen;Spacious 12m² patio;Large windows for light;Top modern kitchen;CHF 2,150.-;CHF 261 / m² / year
3.5 rooms ; 135 m² ; Apartment;Industriestrasse 3; 9015 St. Gallen;Spacious living area;Modern kitchen design;Large balcony retreat;CHF 1,810.-;CHF 161 / m² / year
2.5 rooms ; 50 m² ; Apartment;Zürcher Strasse 244; 9014 St. Gallen;Spacious 11 m² balcony;High-end kitchen appliances;Eco-friendly heating system;CHF 1,400.-;CHF 336 / m² / year
1.5 rooms ; 34 m² ; Furnished apartment;Zwinglistrasse 10; 9000 St. Gallen;Bright with large windows;Fully equipped open kitchen;Central location with amenities;CHF 1,200.-;CHF 424 / m² / year
2.5 rooms ; 80 m² ; Apartment;Zwinglistrasse 10; 9000 St. Gallen;Bright, airy living space;Spacious outdoor terrace;Central location, great access;CHF 1,950.-;CHF 293 / m² / year
2.5 rooms ;; Apartment;Scheidwegstrasse 18; 9000 St. Gallen;Close to city center;Public transport access;Pet-friendly on request;CHF 1,220.-;—
1 room ; 53 m² ; Penthouse;Friedaustrasse 5; 9000 St. Gallen;Charming open fireplace;Soundproof windows;Central location with transit;CHF 1,160.-;CHF 263 / m² / year
1.5 rooms ; 19 m² ; Apartment;Ilgenstrasse 58; 9000 St. Gallen;Stylish parquet flooring;Bright kitchen with daylight;Modern bathroom with shower;CHF 770.-;CHF 486 / m² / year
4 rooms ; 85 m² ; Apartment;Oberstrasse 118; 9000 St. Gallen;Stylish Jugendstil design;Modern kitchen with dishwasher;Convenient bus stop nearby;CHF 1,440.-;CHF 203 / m² / year
3.5 rooms ;; Attic flat;Rorschacher Strasse 9000; 9016 St. Gallen;Bright with wooden beams;Separate kitchen with fridge;Cozy fireplace ambiance;CHF 1,390.-;—
3.5 rooms ; 91 m² ; Apartment;Im Grund 12a; 9012 St. Gallen;Spacious open kitchen;Floor-to-ceiling windows;Large covered balcony;CHF 1,640.-;CHF 216 / m² / year
1.5 rooms ; 25 m² ; Apartment;Lindenstrasse 155; 9016 St. Gallen;Stylish renovated interiors;Modern kitchen with granite;Own washer and dryer;CHF 890.-;CHF 427 / m² / year
1.5 rooms ; 33 m² ; Apartment;Lagerstrasse 8; 9000 St. Gallen;Central location near station;Compact kitchen with freezer;Bright laminate flooring;CHF 580.-;CHF 211 / m² / year
5.5 rooms ;; Apartment;Rorschacher Strasse 9000; 9016 St. Gallen;Separate kitchen area;Beautiful parquet floors;Ideal for shared living;CHF 2,490.-;—
3.5 rooms ; 101 m² ; Apartment;Axensteinstrasse 4; 9000 St. Gallen;Central yet quiet location;Bright open kitchen;Cozy seating area;CHF 1,700.-;CHF 202 / m² / year
4.5 rooms ; 85 m² ; Apartment;Hinterberg 45; 9014 St. Gallen;West-facing balcony;Modern kitchen upgrade;Quiet neighborhood access;CHF 1,280.-;CHF 181 / m² / year
2.5 rooms ; 55 m² ; Apartment;Rappensteinstrasse 19; 9000 St. Gallen;Bright living area;Sunny balcony retreat;Modern equipped kitchen;CHF 1,450.-;CHF 316 / m² / year
3.5 rooms ; 83 m² ; Apartment;Speicherstrasse 25; 9000 St. Gallen;No deposit required;Bright open kitchen;Parkett flooring throughout;CHF 1,560.-;CHF 226 / m² / year
2.5 rooms ; 54 m² ; Apartment;;9000 St. Gallen;New kitchen with dishwasher;Spacious balcony with sun;Central location, 3 min to bus;CHF 1,330.-;CHF 296 / m² / year
4.5 rooms ; 90 m² ; Apartment;Kesselhaldenstrasse 63; 9016 St. Gallen;Newly renovated kitchen;Charming fireplace;Outdoor parking available;CHF 1,700.-;CHF 227 / m² / year
5 rooms ; 110 m² ; Apartment;Goliathgasse 37; 9000 St. Gallen;Modern kitchen with storage;Inviting entrance area;Balcony with city views;CHF 2,666.-;CHF 291 / m² / year
3.5 rooms ; 69 m² ; Penthouse;Konkordiastrasse 34; 9000 St. Gallen;Central location near city;Bright rooms with charm;Excellent public transport access;CHF 1,150.-;CHF 200 / m² / year
4 rooms ;; Apartment;Kesselhaldenstrasse 68; 9016 St. Gallen;Recently renovated kitchen;Bright and spacious rooms;Convenient balcony access;CHF 1,390.-;—
4.5 rooms ; 106 m² ; Apartment;Bachweidstrasse 6; 9011 St. Gallen;Granite countertop kitchen;Separate bathroom and WC;Quiet and sunny location;CHF 1,930.-;CHF 218 / m² / year
1.5 rooms ;; Apartment;Zürcher Strasse; 9015 St. Gallen;Flexible check-in dates;All-inclusive amenities;Digital guest experience;CHF 1,269.-;—
3 rooms ;; Apartment;Sankt Jakob-Strasse 46; 9000 St. Gallen;Bright with city views;Central location near shops;Modern bath with tub & shower;CHF 1,290.-;—
2.5 rooms ;; Penthouse;Rickenstrasse 2; 9014 St. Gallen;Spacious 30 m² terrace;Stylish Jugendstil design;Granite kitchen countertops;CHF 1,350.-;—
4 rooms ;; Apartment;Vonwilstrasse 1; 9000 St. Gallen;Bright laminate flooring;Central location amenities;Dining space in kitchen;CHF 1,390.-;—
4 rooms ;; Attic flat;Böcklinstrasse; 9000 St. Gallen;Spacious living area;Bright kitchen with storage;Panoramic city views;CHF 1,750.-;—
4.5 rooms ; 75 m² ; Apartment;Rehetobelstrasse 65c; 9016 St. Gallen;Sunny balcony for relaxation;Spacious kitchen with dishwasher;Direct access to public transport;CHF 1,430.-;CHF 229 / m² / year
3 rooms ; 65 m² ; Apartment;Sonneggstrasse 5; 9000 St. Gallen;Spacious green view balcony;Quiet sunny living space;Direct access to public transport;CHF 1,390.-;CHF 257 / m² / year
1 room ;; Apartment;Achslenstrasse 15; 9016 St. Gallen;Stunning city and green views;Convenient bus access nearby;Cozy living space on 9th floor;CHF 690.-;—
3.5 rooms ; 82 m² ; Apartment;Zschokkestrasse 10; 9000 St. Gallen;Open kitchen with granite;Bright living area;Balcony for relaxation;CHF 1,590.-;CHF 233 / m² / year
4 rooms ;; Apartment;Oberstrasse; 9000 St. Gallen;Quiet family-friendly area;Bright kitchen with storage;On-site caretaker available;CHF 1,374.-;—
2.5 rooms ;; Apartment;Teufener Strasse 33; 9000 St. Gallen;Cozy balcony with green view;Spacious, bright rooms;Light-filled kitchen area;CHF 1,290.-;—
2 rooms ;; Apartment;Burgstrasse 17; 9000 St. Gallen;Bright and spacious living;Quiet location near station;Modern kitchen and bath;CHF 1,150.-;—
3.5 rooms ;; Apartment;Burgstrasse 17; 9000 St. Gallen;Bright kitchen with dishwasher;Close to public transport;Nearby sports facilities;CHF 1,395.-;—
2 rooms ;; Apartment;Bernhardswiesstrasse 22; 9014 St. Gallen;Bright and modern design;Private cellar with washer;Central location near transport;CHF 1,030.-;—
4.5 rooms ; 85 m² ; Apartment;Feldbachstrasse 9; 9000 St. Gallen;Practical kitchen with dishwasher;Cozy balcony for relaxation;Parking available for rent;CHF 1,400.-;CHF 198 / m² / year
4 rooms ; 80 m² ; Apartment;Linsebühlstrasse 54; 9000 St. Gallen;Two sunny balconies;High ceilings for space;Separate bath and toilet;CHF 1,405.-;CHF 211 / m² / year
3.5 rooms ; 113 m² ; Apartment;Dufourstrasse 124; 9000 St. Gallen;Bright open kitchen;Private storage room;Solar power & underfloor heating;CHF 3,200.-;CHF 340 / m² / year
5.5 rooms ; 110 m² ; Apartment;Hölderlinstrasse 1; 9008 St. Gallen;Spacious south-facing balcony;New kitchen with Miele appliances;Charming walnut doors;CHF 2,450.-;CHF 267 / m² / year
4.5 rooms ; 108 m² ; Apartment;Feldlistrasse 5; 9000 St. Gallen;Modern kitchen with dishwasher;Double sink and separate shower;In-unit laundry facilities;CHF 1,810.-;CHF 201 / m² / year
3 rooms ; 90 m² ; Apartment;Heimatstrasse 23; 9008 St. Gallen;Spacious living kitchen;Balcony nook;50m to Migros St. Fiden;CHF 1,430.-;CHF 191 / m² / year
2.5 rooms ; 46 m² ; Apartment;Dietlistrasse 51; 9000 St. Gallen;Elegant open kitchen;Sunny balcony views;Underfloor heating comfort;CHF 1,390.-;CHF 363 / m² / year
4.5 rooms ;; Apartment;Langgasse 16; 9008 St. Gallen;Bright kitchen with views;Cozy balcony for gatherings;Convenient central location;CHF 1,752.-;—
3.5 rooms ; 90 m² ; Apartment;Brunnenbergstrasse 1; 9000 St. Gallen;Spacious rooftop terrace;Central yet quiet location;Well-equipped modern kitchen;CHF 2,090.-;CHF 279 / m² / year
3.5 rooms ;; Apartment;Langgasse 16; 9008 St. Gallen;Spacious living area;Lift access available;Close to shopping & schools;CHF 1,456.-;—
2.5 rooms ; 61 m² ; Apartment;Zürcher Strasse 204c; 9014 St. Gallen;High ceilings for spaciousness;Modern kitchen with Electrolux;Bright rooms with oak flooring;CHF 1,440.-;CHF 283 / m² / year
1.5 rooms ; 32 m² ; Apartment;Fellenbergstrasse 67; 9000 St. Gallen;Cozy balcony for relaxation;Modern kitchen with storage;Pet-friendly living space;CHF 980.-;CHF 368 / m² / year
3.5 rooms ; 80 m² ; Apartment;Zilstrasse 34; 9016 St. Gallen;Sunny balcony;Near recreation area;Practical built-in wardrobes;CHF 1,450.-;CHF 218 / m² / year
2.5 rooms ; 52 m² ; Apartment;Altmannstrasse 16; 9012 St. Gallen;Balcony and parquet floor;Equipped kitchen;Pets allowed;CHF 1,285.-;CHF 297 / m² / year
3.5 rooms ; 77 m² ; Apartment;Langgasse 36; 9008 St. Gallen;Bright and modern;Balcony and cellar;Central location;CHF 1,700.-;CHF 265 / m² / year
3.5 rooms ; 82 m² ; Apartment;Dreilindenhang 22; 9000 St. Gallen;Spacious balcony;Modern kitchen;Pets allowed;CHF 1,750.-;CHF 256 / m² / year
3.5 rooms ; 87 m² ; Apartment;Schokoladenweg 9; 9011 St. Gallen;Spacious living area;Modern kitchen;Pets allowed;CHF 1,620.-;CHF 223 / m² / year
3 rooms ; 62 m² ; Apartment;Helvetiastrasse 36; 9000 St. Gallen;Sunny balcony;Modern kitchen;Near public transport;CHF 1,270.-;CHF 246 / m² / year
6.5 rooms ; 160 m² ; Apartment;Museumstrasse 29; 9000 St. Gallen;Historic charm meets modernity;Spacious living with terrace;Ideal for private or business use;CHF 3,200.-;CHF 240 / m² / year
2 rooms ; 42 m² ; Apartment;;9010 St. Gallen;Renovated in 2015;Sunny balcony for evenings;Close to hospital & university;CHF 1,250.-;CHF 357 / m² / year
1.5 rooms ; 34 m² ; Apartment;Paradiesstrasse 4; 9000 St. Gallen;Bright kitchen space;Laminated flooring;Close to main station;CHF 870.-;CHF 306 / m² / year
3.5 rooms ; 64 m² ; Apartment;Leuenbergerstrasse 12; 9000 St. Gallen;Cozy living room with parquet;Modern kitchen with dishwasher;Spacious balcony for relaxation;CHF 1,360.-;CHF 255 / m² / year
4.5 rooms ; 94 m² ; Apartment;Zilstrasse 56; 9016 St. Gallen;Parkettboden in Wohnräumen;Moderne Küche mit Geschirrspüler;Gedeckter Balkon für Entspannung;CHF 1,680.-;CHF 214 / m² / year
3.5 rooms ; 66 m² ; Apartment;;9008 St. Gallen;Bright living room;Spacious balcony;Winter garden included;CHF 1,397.-;CHF 254 / m² / year
3.5 rooms ; 65 m² ; Apartment;Oberstrasse 201; 9000 St. Gallen;Spacious living area;Modern kitchen amenities;Pet-friendly environment;CHF 1,470.-;CHF 271 / m² / year
5 rooms ; 114 m² ; Apartment;Rorschacher Strasse 116; 9000 St. Gallen;Spacious living kitchen;Private balcony retreat;In-unit laundry facilities;CHF 2,190.-;CHF 231 / m² / year
4.5 rooms ; 114 m² ; Apartment;Falkensteinstrasse 52; 9000 St. Gallen;Bright open living space;High-end kitchen features;Sunny balcony with views;CHF 2,276.-;CHF 240 / m² / year
2 rooms ; 37 m² ; Apartment;Grossackerstrasse 6; 9000 St. Gallen;Modern kitchen with ceramic stove;Bright entrance with built-in closet;Pet-friendly living space;CHF 925.-;CHF 300 / m² / year
5.5 rooms ; 144 m² ; Apartment;Davidstrasse 37; 9000 St. Gallen;Elegant parquet flooring;Spacious shared terrace;Convenient lift access;CHF 2,150.-;CHF 179 / m² / year
3 rooms ; 78 m² ; Apartment;;9000 St. Gallen;Outdoor seating area;Well-equipped kitchen;Close to public transport;CHF 1,988.-;CHF 306 / m² / year
3.5 rooms ; 116 m² ; Apartment;Waisenhausstrasse 5; 9000 St. Gallen;Bright open kitchen;Spacious loggia;Pet-friendly living;CHF 2,490.-;CHF 258 / m² / year
4 rooms ;; Apartment;Schönaustrasse 77; 9000 St. Gallen;Bright and airy rooms;3 cozy balconies;Convenient kitchen with dishwasher;CHF 1,390.-;—
2 rooms ; 49 m² ; Apartment;Oberstrasse 201; 9000 St. Gallen;Spacious balcony access;Modern kitchen amenities;Pet-friendly living space;CHF 1,240.-;CHF 304 / m² / year
5 rooms ; 120 m² ; Apartment;;9000 St. Gallen;Bright Jugendstil design;Shared garden and terrace;Includes utilities and internet;CHF 2,472.-;CHF 247 / m² / year
4.5 rooms ; 115 m² ; Apartment;Schönbüelpark 7; 9016 St. Gallen;Spacious sunny terrace;Open kitchen with granite;Lift access from garage;CHF 2,045.-;CHF 213 / m² / year
5.5 rooms ; 168 m² ; Apartment;Lehnstrasse 98; 9014 St. Gallen;Spacious living room;Large sunny balcony;Pet-friendly environment;CHF 2,110.-;CHF 151 / m² / year
3 rooms ; 67 m² ; Apartment;Schönaustrasse 69; 9000 St. Gallen;Spacious bright rooms;Large balcony space;Practical built-in wardrobe;CHF 1,360.-;CHF 244 / m² / year
6.5 rooms ; 180 m² ; Penthouse;;9016 St. Gallen;80 m² terrace with lake view;Bright rooms with high ceilings;Quiet area with playground;CHF 3,440.-;CHF 229 / m² / year
2.5 rooms ; 60 m² ; Apartment;Spisergasse 25; 9000 St. Gallen;Spacious open layout;Modern kitchen amenities;Shared terrace access;CHF 1,555.-;CHF 309 / m² / year
3.5 rooms ; 62 m² ; Apartment;Iddastrasse 30a; 9008 St. Gallen;Spacious living area;Balcony with great views;Pet-friendly environment;CHF 1,230.-;CHF 238 / m² / year
2.5 rooms ; 77 m² ; Apartment;Zilstrasse 74a; 9016 St. Gallen;Parkettboden in Wohnräumen;Balkon mit Zugang vom Essbereich;Haustierhaltung erlaubt;CHF 1,390.-;CHF 217 / m² / year
3 rooms ; 65 m² ; Apartment;Ackerstrasse 1; 9000 St. Gallen;Modern kitchen with dishwasher;Bright bathroom with tub;Close to public transport;CHF 1,370.-;CHF 253 / m² / year
4.5 rooms ; 94 m² ; Apartment;Zilstrasse 60; 9016 St. Gallen;Sunny balcony with views;Modern kitchen with ceramic;Lift access to the apartment;CHF 1,740.-;CHF 222 / m² / year
4.5 rooms ; 100 m² ; Furnished apartment;;9000 St. Gallen;Modern open kitchen;Balcony with forest view;Private parking included;CHF 2,280.-;CHF 274 / m² / year
2.5 rooms ; 77 m² ; Apartment;Zilstrasse 74a; 9016 St. Gallen;Spacious living area;Balcony access;Pet-friendly property;CHF 1,425.-;CHF 222 / m² / year
4.5 rooms ;; Apartment;Unterstrasse 51; 9000 St. Gallen;Cozy living room with fireplace;Modern kitchen with dishwasher;Easy-care laminate flooring;CHF 1,740.-;—
3.5 rooms ; 65 m² ; Apartment;Oberstrasse 209; 9000 St. Gallen;Spacious living area;Pet-friendly property;Close to shops & transport;CHF 1,480.-;CHF 273 / m² / year
3 rooms ;; Apartment;Unterstrasse 51; 9000 St. Gallen;Modern kitchen with dishwasher;Stylish laminate flooring;Close to train station;CHF 1,350.-;—
3 rooms ; 68 m² ; Furnished apartment;;9000 St. Gallen;Furnished loft, city center;Modern, equipped kitchen;Roof terrace access;CHF 2,200.-;CHF 388 / m² / year
4.5 rooms ; 100 m² ; Penthouse;Röschstrasse 11; 9000 St. Gallen;Modern kitchen amenities;Sunny balcony retreat;Close to public transport;CHF 1,890.-;CHF 227 / m² / year
2 rooms ; 42 m² ; Apartment;Lindenstrasse 39; 9000 St. Gallen;Low-maintenance flooring;Stylish tiled bathroom;Spacious 14m2 balcony;CHF 1,280.-;CHF 366 / m² / year
4.5 rooms ; 90 m² ; Apartment;;9000 St. Gallen;Spacious living room charm;Modern kitchen with appliances;Stunning rooftop terrace view;CHF 1,960.-;CHF 261 / m² / year
3.5 rooms ; 70 m² ; Apartment;Sonnrainweg 10; 9008 St. Gallen;Spacious living area;Modern kitchen amenities;Pet-friendly environment;CHF 1,490.-;CHF 255 / m² / year
3.5 rooms ; 85 m² ; Apartment;Oberstrasse 259; 9014 St. Gallen;Sunny terrace with views;Open kitchen with modern appliances;Private laundry in the apartment;CHF 1,860.-;CHF 263 / m² / year
4.5 rooms ; 90 m² ; Apartment;Sonnrainweg 4; 9008 St. Gallen;Spacious living area;Open kitchen with storage;Pet-friendly environment;CHF 1,790.-;CHF 239 / m² / year
1 room ; 24 m² ; Apartment;Sonnrainweg 12; 9008 St. Gallen;Parkettboden im Wohnbereich;Moderne Küche mit Geräten;Haustierfreundliche Lage;CHF 800.-;CHF 400 / m² / year
2.5 rooms ; 63 m² ; Apartment;Aeplistrasse 4; 9008 St. Gallen;Spacious living area;Balcony for relaxation;In-unit laundry facilities;CHF 1,590.-;CHF 303 / m² / year
2 rooms ; 50 m² ; Apartment;Lindenstrasse 76; 9000 St. Gallen;Cozy balcony for relaxation;Modern kitchen with storage;Pet-friendly living space;CHF 1,245.-;CHF 299 / m² / year
2 rooms ; 52 m² ; Apartment;Lindenstrasse 76; 9000 St. Gallen;Cozy balcony for relaxation;Modern kitchen with storage;Pet-friendly living space;CHF 1,190.-;CHF 275 / m² / year
3 rooms ; 65 m² ; Apartment;Schibistrasse 10; 9000 St. Gallen;Freshly painted interiors;Easy-care laminate flooring;Comfortable kitchen space;CHF 1,280.-;CHF 236 / m² / year
3.5 rooms ; 79 m² ; Apartment;Langgasse 108; 9008 St. Gallen;Elegant oak parquet floors;Two sunny balconies;Open kitchen with granite;CHF 1,595.-;CHF 242 / m² / year
3.5 rooms ; 80 m² ; Apartment;Oberzilstrasse 17; 9016 St. Gallen;Spacious living area;Balcony access;Pet-friendly home;CHF 1,550.-;CHF 233 / m² / year
2.5 rooms ; 52 m² ; Apartment;Spisergasse 25; 9000 St. Gallen;Easy-care vinyl flooring;Modern kitchen with dishwasher;Sunny shared rooftop terrace;CHF 1,440.-;CHF 336 / m² / year
3 rooms ; 78 m² ; Apartment;Treuackerstrasse 33; 9000 St. Gallen;Stylish parquet flooring;Generous balcony space;Pet-friendly living;CHF 1,450.-;CHF 223 / m² / year
3.5 rooms ; 81 m² ; Apartment;Fellenbergstrasse 67; 9000 St. Gallen;Spacious living area;Balcony access;Pet-friendly property;CHF 1,480.-;CHF 219 / m² / year
6 rooms ; 160 m² ; Apartment;Zwinglistrasse 33; 9000 St. Gallen;Charming kitchen with dishwasher;Elegant parquet flooring;Convenient balcony space;CHF 2,920.-;CHF 219 / m² / year
2 rooms ; 53 m² ; Apartment;Multergasse 41; 9000 St. Gallen;Central location near shops;Modern kitchen with dishwasher;In-unit washer and dryer;CHF 1,200.-;CHF 272 / m² / year
2 rooms ; 49 m² ; Apartment;Oberstrasse 205; 9000 St. Gallen;Pet-friendly living;Balcony for relaxation;Modern kitchen amenities;CHF 1,220.-;CHF 299 / m² / year
3.5 rooms ; 77 m² ; Apartment;Langgasse 155; 9008 St. Gallen;Cozy garden seating area;Pet-friendly living space;Modern kitchen with storage;CHF 1,510.-;CHF 235 / m² / year
4.5 rooms ; 86 m² ; Apartment;Iddastrasse 30a; 9008 St. Gallen;Bright living areas;Modern kitchen amenities;Pet-friendly environment;CHF 1,700.-;CHF 237 / m² / year
4.5 rooms ; 113 m² ; Apartment;Blumenbergplatz 1; 9000 St. Gallen;Spacious 36 m² terrace;Modern kitchen with dishwasher;3 min to St. Gallen station;CHF 2,520.-;CHF 268 / m² / year
4.5 rooms ; 115 m² ; Apartment;Zilstrasse 74a; 9016 St. Gallen;Cozy balcony for relaxation;Modern kitchen with storage;Pet-friendly living space;CHF 2,095.-;CHF 219 / m² / year
4.5 rooms ; 116 m² ; Apartment;Zürcher Strasse 35; 9000 St. Gallen;Large kitchen with dishwasher;Convenient public transport access;Ideal for shared living;CHF 1,765.-;CHF 183 / m² / year
3.5 rooms ; 66 m² ; Apartment;9000 St. Gallen;9000 St. Gallen;Bright and spacious rooms;Excellent local amenities;Private cellar storage;CHF 1,200.-;CHF 218 / m² / year
5.5 rooms ; 112 m² ; Apartment;Iddastrasse 30a; 9008 St. Gallen;Bright living areas;Pet-friendly home;Convenient public transport;CHF 2,185.-;CHF 234 / m² / year
2 rooms ; 65 m² ; Furnished apartment;;9000 St. Gallen;Fully furnished;Central location;Ready to move in;CHF 800.-;CHF 148 / m² / year
1.5 rooms ; 37 m² ; Apartment;Brühlgasse 50; 9000 St. Gallen;High-quality oak parquet;Bright bathroom with bathtub;Modern kitchen with granite countertop;CHF 1,045.-;CHF 339 / m² / year
2 rooms ; 29 m² ; Apartment;Schulstrasse 4; 9000 St. Gallen;Modern open kitchen;Private balcony space;Bright, spacious rooms;CHF 1,182.-;CHF 489 / m² / year
2 rooms ; 53 m² ; Penthouse;Tannenstrasse 36; 9010 St. Gallen;Pet-friendly living;Modern kitchen amenities;Excellent transport links;CHF 1,090.-;CHF 247 / m² / year
4 rooms ; 72 m² ; Apartment;Sankt Georgenstrasse 153; 9011 St. Gallen;Modern kitchen appliances;Shared garden access;Convenient central location;CHF 1,490.-;CHF 248 / m² / year
1.5 rooms ; 32 m² ; Apartment;Fellenbergstrasse 67; 9000 St. Gallen;Cozy balcony for relaxation;Modern kitchen with storage;Pet-friendly living space;CHF 940.-;CHF 353 / m² / year
2.5 rooms ; 90 m² ; Apartment;Ruhbergstrasse 53; 9000 St. Gallen;Private entrance with patio;Stylish kitchen with Foodcenter;Quiet yet central location;CHF 1,997.-;CHF 266 / m² / year
1.5 rooms ; 35 m² ; Studio;Höhenweg; 9000 St. Gallen;Spacious balcony/terrace;Modern kitchen with dishwasher;2 min to university campus;CHF 1,150.-;CHF 394 / m² / year
3 rooms ; 62 m² ; Apartment;;9014 St. Gallen;Sunny balcony with views;New kitchen with dishwasher;Great public transport access;CHF 1,465.-;CHF 284 / m² / year
1.5 rooms ;; Apartment;Sankt-Leonhard-Strasse 79; 9000 St. Gallen;Stunning rooftop terrace;Private laundry facilities;Close to train station;CHF 1,000.-;—
3 rooms ; 68 m² ; Apartment;;9000 St. Gallen;St. Gallen City Centre;Luxurious modern kitchen;Roof terrace with view;CHF 2,135.-;CHF 377 / m² / year
1.5 rooms ; 25 m² ; Apartment;Linsebühlstrasse 64; 9000 St. Gallen;Freshly renovated;Creative window seat;Central location;CHF 940.-;CHF 451 / m² / year
2 rooms ;; Apartment;Sankt Jakob-Strasse 93; 9000 St. Gallen;Spacious and bright apartment;Separate kitchen and bathroom;Near university and city center;CHF 1,100.-;—
1.5 rooms ; 37 m² ; Apartment;Brühlgasse 50; 9000 St. Gallen;High-quality oak parquet flooring;Bright bathroom with bathtub;Modern kitchen with granite countertop;CHF 1,045.-;CHF 339 / m² / year
4.5 rooms ; 99 m² ; Apartment;Bohl 4; 9000 St. Gallen;Central location, near market;Available immediately;3rd floor, bright;;—
4.5 rooms ; 99 m² ; Apartment;Bohl 4; 9000 St. Gallen;Central location;Near restaurants;3rd floor;;—
3.5 rooms ; 80 m² ; Attic flat;Wolfganghof 13; 9014 St. Gallen;Exclusive location;Large covered veranda;Fireplace;CHF 1,580.-;CHF 237 / m² / year
2.5 rooms ; 63 m² ; Apartment;Wolfganghof 5a; 9014 St. Gallen;Quiet location;Modern kitchen;Balcony;CHF 1,200.-;CHF 229 / m² / year
4.5 rooms ; 120 m² ; Duplex;Wolfganghof 18; 9014 St. Gallen;Modern kitchen with Miele appliances;Bath/shower/WC and separate WC;Large balcony;CHF 1,940.-;CHF 194 / m² / year
3.5 rooms ; 91 m² ; Apartment;Wolfganghof 19a; 9014 St. Gallen;Quiet location, no through traffic;Open kitchen with balcony;Terrace with evening sun;CHF 1,750.-;CHF 231 / m² / year
1 room ; 25 m² ; Furnished apartment;Winkelriedstrasse 37; 9000 St. Gallen;Near university & bus stop;Minutes from main station;Ideal for students;CHF 675.-;CHF 324 / m² / year
3.5 rooms ; 77 m² ; Apartment;Berghaldenstrasse 6; 9010 St. Gallen;Bright open living area;South-west facing balcony;Close to university & shops;CHF 1,890.-;CHF 296 / m² / year
1.5 rooms ; 19 m² ; Apartment;Tellstrasse 26; 9000 St. Gallen;Modern kitchen with dishwasher;Close to university and shops;Shared outdoor seating area;CHF 1,190.-;CHF 752 / m² / year
3.5 rooms ;; Apartment;Kräzernstrasse 12a; 9014 St. Gallen;Central location, quiet;Pleasant atmosphere;Functional layout;CHF 1,130.-;—
1.5 rooms ;; Apartment;Teufener Strasse; 9000 St. Gallen;Equipped kitchen with dishwasher;Close to public transport;Optional furniture purchase;CHF 813.-;—
1.5 rooms ; 41 m² ; Apartment;Sonnenstrasse 17; 9000 St. Gallen;Spacious kitchen with storage;Large windows for light;Close to university and shops;CHF 1,090.-;CHF 319 / m² / year
3 rooms ; 56 m² ; Apartment;Herisauer Strasse 65a; 9015 St. Gallen;Near Winkeln station;Close to shops;Parking optional;CHF 1,230.-;CHF 264 / m² / year
4.5 rooms ; 77 m² ; Apartment;Teufener Strasse 200; 9012 St. Gallen;Large balcony;Modern kitchen;Spacious shower;CHF 1,520.-;CHF 237 / m² / year
1 room ; 24 m² ; Apartment;Brauerstrasse 21; 9000 St. Gallen;Modern kitchen & appliances;7m2 balcony;Smart-home system;CHF 910.-;CHF 455 / m² / year
2 rooms ;; Apartment;Rosenbergweg 16b; 9000 St. Gallen;Central location, near station;Laminate flooring in bedrooms;Cellar compartment available;CHF 585.-;—
;100;;;;;;;;
;;;;;;;;;
